GameID,HomeTeamID,AwayTeamID,WinTeamID,LoseTeamID,GameDate,WinTeamScore,LoseTeamScore
21800001,1610612738,1610612755,1610612738,1610612755,2018-10-16,87,105
21800002,1610612744,1610612760,1610612744,1610612760,2018-10-16,100,108
21800003,1610612766,1610612749,1610612749,1610612749,2018-10-17,113,112
21800004,1610612765,1610612751,1610612765,1610612751,2018-10-17,100,103
21800005,1610612754,1610612763,1610612754,1610612763,2018-10-17,83,111
21800006,1610612753,1610612748,1610612753,1610612748,2018-10-17,101,104
21800007,1610612752,1610612737,1610612752,1610612737,2018-10-17,107,126
21800008,1610612761,1610612739,1610612761,1610612739,2018-10-17,104,116
21800009,1610612745,1610612740,1610612740,1610612740,2018-10-17,131,112
21800010,1610612759,1610612750,1610612759,1610612750,2018-10-17,108,112
21800011,1610612758,1610612762,1610612762,1610612762,2018-10-17,123,117
21800012,1610612746,1610612743,1610612743,1610612743,2018-10-17,107,98
21800013,1610612756,1610612742,1610612756,1610612742,2018-10-17,100,121
21800014,1610612755,1610612741,1610612755,1610612741,2018-10-18,108,127
21800015,1610612764,1610612748,1610612748,1610612748,2018-10-18,113,112
21800016,1610612757,1610612747,1610612757,1610612747,2018-10-18,119,128
21800017,1610612753,1610612766,1610612766,1610612766,2018-10-19,120,88
21800018,1610612751,1610612752,1610612751,1610612752,2018-10-19,105,107
21800019,1610612761,1610612738,1610612761,1610612738,2018-10-19,101,113
21800020,1610612763,1610612737,1610612763,1610612737,2018-10-19,117,131
21800021,1610612750,1610612739,1610612750,1610612739,2018-10-19,123,131
21800022,1610612740,1610612758,1610612740,1610612758,2018-10-19,129,149
21800023,1610612749,1610612754,1610612749,1610612754,2018-10-19,101,118
21800024,1610612762,1610612744,1610612744,1610612744,2018-10-19,124,123
21800025,1610612746,1610612760,1610612746,1610612760,2018-10-19,92,108
21800026,1610612754,1610612751,1610612754,1610612751,2018-10-20,112,132
21800027,1610612764,1610612761,1610612761,1610612761,2018-10-20,117,113
21800028,1610612752,1610612738,1610612738,1610612738,2018-10-20,103,101
21800029,1610612755,1610612753,1610612755,1610612753,2018-10-20,115,116
21800030,1610612748,1610612766,1610612766,1610612766,2018-10-20,113,112
21800031,1610612741,1610612765,1610612765,1610612765,2018-10-20,118,116
21800032,1610612742,1610612750,1610612742,1610612750,2018-10-20,136,140
21800033,1610612743,1610612756,1610612743,1610612756,2018-10-20,91,119
21800034,1610612757,1610612759,1610612757,1610612759,2018-10-20,108,121
21800035,1610612747,1610612745,1610612745,1610612745,2018-10-20,124,115
21800036,1610612739,1610612737,1610612737,1610612737,2018-10-21,133,111
21800037,1610612760,1610612758,1610612758,1610612758,2018-10-21,131,120
21800038,1610612743,1610612744,1610612743,1610612744,2018-10-21,98,100
21800039,1610612746,1610612745,1610612746,1610612745,2018-10-21,112,115
21800040,1610612738,1610612753,1610612753,1610612753,2018-10-22,93,90
21800041,1610612761,1610612766,1610612761,1610612766,2018-10-22,106,127
21800042,1610612749,1610612752,1610612749,1610612752,2018-10-22,113,124
21800043,1610612750,1610612754,1610612750,1610612754,2018-10-22,91,101
21800044,1610612742,1610612741,1610612742,1610612741,2018-10-22,109,115
21800045,1610612762,1610612763,1610612763,1610612763,2018-10-22,92,84
21800046,1610612757,1610612764,1610612764,1610612764,2018-10-22,125,124
21800047,1610612744,1610612756,1610612744,1610612756,2018-10-22,103,123
21800048,1610612747,1610612759,1610612759,1610612759,2018-10-22,143,142
21800049,1610612765,1610612755,1610612765,1610612755,2018-10-23,132,133
21800050,1610612740,1610612746,1610612740,1610612746,2018-10-23,109,116
21800051,1610612743,1610612758,1610612743,1610612758,2018-10-23,112,126
21800052,1610612737,1610612742,1610612737,1610612742,2018-10-24,104,111
21800053,1610612739,1610612751,1610612751,1610612751,2018-10-24,102,86
21800054,1610612748,1610612752,1610612748,1610612752,2018-10-24,87,110
21800055,1610612761,1610612750,1610612761,1610612750,2018-10-24,105,112
21800056,1610612741,1610612766,1610612741,1610612766,2018-10-24,110,112
21800057,1610612745,1610612762,1610612762,1610612762,2018-10-24,100,89
21800058,1610612759,1610612754,1610612754,1610612754,2018-10-24,116,96
21800059,1610612749,1610612755,1610612749,1610612755,2018-10-24,108,123
21800060,1610612756,1610612747,1610612747,1610612747,2018-10-24,131,113
21800061,1610612758,1610612763,1610612758,1610612763,2018-10-24,92,97
21800062,1610612744,1610612764,1610612744,1610612764,2018-10-24,122,144
21800063,1610612765,1610612739,1610612765,1610612739,2018-10-25,103,110
21800064,1610612753,1610612757,1610612757,1610612757,2018-10-25,128,114
21800065,1610612760,1610612738,1610612738,1610612738,2018-10-25,101,95
21800066,1610612747,1610612743,1610612747,1610612743,2018-10-25,114,121
21800067,1610612766,1610612741,1610612766,1610612741,2018-10-26,106,135
21800068,1610612752,1610612744,1610612744,1610612744,2018-10-26,128,100
21800069,1610612761,1610612742,1610612761,1610612742,2018-10-26,107,116
21800070,1610612745,1610612746,1610612746,1610612746,2018-10-26,133,113
21800071,1610612750,1610612749,1610612749,1610612749,2018-10-26,125,95
21800072,1610612740,1610612751,1610612740,1610612751,2018-10-26,115,117
21800073,1610612758,1610612764,1610612758,1610612764,2018-10-26,112,116
21800074,1610612765,1610612738,1610612738,1610612738,2018-10-27,109,89
21800075,1610612740,1610612762,1610612762,1610612762,2018-10-27,132,111
21800076,1610612737,1610612741,1610612741,1610612741,2018-10-27,97,85
21800077,1610612739,1610612754,1610612754,1610612754,2018-10-27,119,107
21800078,1610612755,1610612766,1610612755,1610612766,2018-10-27,103,105
21800079,1610612748,1610612757,1610612748,1610612757,2018-10-27,111,120
21800080,1610612763,1610612756,1610612763,1610612756,2018-10-27,96,117
21800081,1610612749,1610612753,1610612749,1610612753,2018-10-27,91,113
21800082,1610612759,1610612747,1610612759,1610612747,2018-10-27,106,110
21800083,1610612751,1610612744,1610612744,1610612744,2018-10-28,120,114
21800084,1610612742,1610612762,1610612762,1610612762,2018-10-28,113,104
21800085,1610612760,1610612756,1610612760,1610612756,2018-10-28,110,117
21800086,1610612746,1610612764,1610612746,1610612764,2018-10-28,104,136
21800087,1610612754,1610612757,1610612757,1610612757,2018-10-29,103,93
21800088,1610612755,1610612737,1610612755,1610612737,2018-10-29,92,113
21800089,1610612748,1610612758,1610612758,1610612758,2018-10-29,123,113
21800090,1610612752,1610612751,1610612752,1610612751,2018-10-29,96,115
21800091,1610612741,1610612744,1610612744,1610612744,2018-10-29,149,124
21800092,1610612749,1610612761,1610612749,1610612761,2018-10-29,109,124
21800093,1610612750,1610612747,1610612750,1610612747,2018-10-29,120,124
21800094,1610612759,1610612742,1610612759,1610612742,2018-10-29,108,113
21800095,1610612743,1610612740,1610612743,1610612740,2018-10-29,111,116
21800096,1610612766,1610612748,1610612766,1610612748,2018-10-30,113,125
21800097,1610612739,1610612737,1610612739,1610612737,2018-10-30,114,136
21800098,1610612753,1610612758,1610612758,1610612758,2018-10-30,107,99
21800099,1610612738,1610612765,1610612738,1610612765,2018-10-30,105,108
21800100,1610612761,1610612755,1610612761,1610612755,2018-10-30,112,129
21800101,1610612745,1610612757,1610612757,1610612757,2018-10-30,104,85
21800102,1610612763,1610612764,1610612763,1610612764,2018-10-30,95,107
21800103,1610612760,1610612746,1610612760,1610612746,2018-10-30,110,128
21800104,1610612751,1610612765,1610612751,1610612765,2018-10-31,119,120
21800105,1610612752,1610612754,1610612754,1610612754,2018-10-31,107,101
21800106,1610612741,1610612743,1610612743,1610612743,2018-10-31,108,107
21800107,1610612750,1610612762,1610612750,1610612762,2018-10-31,125,128
21800108,1610612744,1610612740,1610612744,1610612740,2018-10-31,121,131
21800109,1610612747,1610612742,1610612747,1610612742,2018-10-31,113,114
21800110,1610612756,1610612759,1610612759,1610612759,2018-10-31,120,90
21800111,1610612766,1610612760,1610612760,1610612760,2018-11-01,111,107
21800112,1610612739,1610612743,1610612743,1610612743,2018-11-01,110,91
21800113,1610612755,1610612746,1610612755,1610612746,2018-11-01,113,122
21800114,1610612737,1610612758,1610612758,1610612758,2018-11-01,146,115
21800115,1610612738,1610612749,1610612738,1610612749,2018-11-01,113,117
21800116,1610612757,1610612740,1610612757,1610612740,2018-11-01,119,132
21800117,1610612753,1610612746,1610612746,1610612746,2018-11-02,120,95
21800118,1610612751,1610612745,1610612745,1610612745,2018-11-02,119,111
21800119,1610612764,1610612760,1610612760,1610612760,2018-11-02,134,111
21800120,1610612741,1610612754,1610612754,1610612754,2018-11-02,107,105
21800121,1610612742,1610612752,1610612752,1610612752,2018-11-02,118,106
21800122,1610612762,1610612763,1610612763,1610612763,2018-11-02,110,100
21800123,1610612756,1610612761,1610612761,1610612761,2018-11-02,107,98
21800124,1610612744,1610612750,1610612744,1610612750,2018-11-02,99,116
21800125,1610612755,1610612765,1610612755,1610612765,2018-11-03,99,109
21800126,1610612766,1610612739,1610612766,1610612739,2018-11-03,94,126
21800127,1610612754,1610612738,1610612754,1610612738,2018-11-03,101,102
21800128,1610612737,1610612748,1610612737,1610612748,2018-11-03,118,123
21800129,1610612741,1610612745,1610612745,1610612745,2018-11-03,96,88
21800130,1610612759,1610612740,1610612759,1610612740,2018-11-03,95,109
21800131,1610612743,1610612762,1610612743,1610612762,2018-11-03,88,103
21800132,1610612757,1610612747,1610612747,1610612747,2018-11-03,114,110
21800133,1610612749,1610612758,1610612749,1610612758,2018-11-04,109,144
21800134,1610612751,1610612755,1610612751,1610612755,2018-11-04,97,122
21800135,1610612764,1610612752,1610612764,1610612752,2018-11-04,95,108
21800137,1610612759,1610612753,1610612753,1610612753,2018-11-04,117,110
21800136,1610612756,1610612763,1610612756,1610612763,2018-11-04,100,102
21800138,1610612757,1610612750,1610612757,1610612750,2018-11-04,81,111
21800139,1610612747,1610612761,1610612761,1610612761,2018-11-04,121,107
21800140,1610612765,1610612748,1610612748,1610612748,2018-11-05,120,115
21800141,1610612754,1610612745,1610612745,1610612745,2018-11-05,98,94
21800142,1610612753,1610612739,1610612753,1610612739,2018-11-05,100,102
21800143,1610612752,1610612741,1610612741,1610612741,2018-11-05,116,115
21800144,1610612760,1610612740,1610612760,1610612740,2018-11-05,116,122
21800145,1610612743,1610612738,1610612743,1610612738,2018-11-05,107,115
21800146,1610612762,1610612761,1610612761,1610612761,2018-11-05,124,111
21800147,1610612744,1610612763,1610612744,1610612763,2018-11-05,101,117
21800148,1610612746,1610612750,1610612746,1610612750,2018-11-05,109,120
21800149,1610612766,1610612737,1610612766,1610612737,2018-11-06,102,113
21800150,1610612742,1610612764,1610612742,1610612764,2018-11-06,100,119
21800151,1610612756,1610612751,1610612751,1610612751,2018-11-06,104,82
21800152,1610612757,1610612749,1610612757,1610612749,2018-11-06,103,118
21800153,1610612739,1610612760,1610612760,1610612760,2018-11-07,95,86
21800154,1610612753,1610612765,1610612765,1610612765,2018-11-07,103,96
21800155,1610612737,1610612752,1610612752,1610612752,2018-11-07,112,107
21800156,1610612748,1610612759,1610612748,1610612759,2018-11-07,88,95
21800157,1610612754,1610612755,1610612755,1610612755,2018-11-07,100,94
21800158,1610612763,1610612743,1610612763,1610612743,2018-11-07,87,89
21800159,1610612740,1610612741,1610612740,1610612741,2018-11-07,98,107
21800160,1610612762,1610612742,1610612762,1610612742,2018-11-07,102,117
21800161,1610612758,1610612761,1610612761,1610612761,2018-11-07,114,105
21800162,1610612747,1610612750,1610612747,1610612750,2018-11-07,110,114
21800163,1610612760,1610612745,1610612760,1610612745,2018-11-08,80,98
21800164,1610612756,1610612738,1610612738,1610612738,2018-11-08,116,109
21800165,1610612757,1610612746,1610612757,1610612746,2018-11-08,105,116
21800166,1610612744,1610612749,1610612749,1610612749,2018-11-08,134,111
21800167,1610612753,1610612764,1610612753,1610612764,2018-11-09,108,117
21800168,1610612755,1610612766,1610612755,1610612766,2018-11-09,132,133
21800169,1610612737,1610612765,1610612765,1610612765,2018-11-09,124,109
21800170,1610612748,1610612754,1610612754,1610612754,2018-11-09,110,102
21800171,1610612743,1610612751,1610612751,1610612751,2018-11-09,112,110
21800172,1610612762,1610612738,1610612762,1610612738,2018-11-09,115,123
21800173,1610612758,1610612750,1610612758,1610612750,2018-11-09,110,121
21800174,1610612761,1610612752,1610612761,1610612752,2018-11-10,112,128
21800175,1610612746,1610612749,1610612746,1610612749,2018-11-10,126,128
21800176,1610612740,1610612756,1610612740,1610612756,2018-11-10,99,119
21800177,1610612748,1610612764,1610612764,1610612764,2018-11-10,116,110
21800178,1610612741,1610612739,1610612741,1610612739,2018-11-10,98,99
21800179,1610612763,1610612755,1610612763,1610612755,2018-11-10,106,112
21800180,1610612759,1610612745,1610612759,1610612745,2018-11-10,89,96
21800182,1610612744,1610612751,1610612744,1610612751,2018-11-10,100,116
21800181,1610612742,1610612760,1610612742,1610612760,2018-11-10,96,111
21800183,1610612758,1610612747,1610612747,1610612747,2018-11-10,101,86
21800184,1610612765,1610612766,1610612766,1610612766,2018-11-11,113,103
21800185,1610612745,1610612754,1610612745,1610612754,2018-11-11,103,115
21800186,1610612752,1610612753,1610612753,1610612753,2018-11-11,115,89
21800187,1610612743,1610612749,1610612749,1610612749,2018-11-11,121,114
21800188,1610612757,1610612738,1610612757,1610612738,2018-11-11,94,100
21800189,1610612747,1610612737,1610612747,1610612737,2018-11-11,106,107
21800190,1610612764,1610612753,1610612764,1610612753,2018-11-12,109,117
21800191,1610612748,1610612755,1610612755,1610612755,2018-11-12,124,114
21800192,1610612761,1610612740,1610612740,1610612740,2018-11-12,126,110
21800193,1610612741,1610612742,1610612742,1610612742,2018-11-12,103,98
21800194,1610612763,1610612762,1610612762,1610612762,2018-11-12,96,88
21800195,1610612750,1610612751,1610612750,1610612751,2018-11-12,113,120
21800196,1610612760,1610612756,1610612760,1610612756,2018-11-12,101,118
21800197,1610612758,1610612759,1610612758,1610612759,2018-11-12,99,104
21800198,1610612746,1610612744,1610612746,1610612744,2018-11-12,116,121
21800199,1610612739,1610612766,1610612739,1610612766,2018-11-13,89,113
21800200,1610612743,1610612745,1610612745,1610612745,2018-11-13,109,99
21800201,1610612744,1610612737,1610612744,1610612737,2018-11-13,103,110
21800202,1610612753,1610612755,1610612753,1610612755,2018-11-14,106,111
21800203,1610612764,1610612739,1610612764,1610612739,2018-11-14,95,119
21800204,1610612738,1610612741,1610612738,1610612741,2018-11-14,82,111
21800205,1610612751,1610612748,1610612748,1610612748,2018-11-14,120,107
21800206,1610612761,1610612765,1610612765,1610612765,2018-11-14,106,104
21800207,1610612749,1610612763,1610612763,1610612763,2018-11-14,116,113
21800208,1610612750,1610612740,1610612750,1610612740,2018-11-14,100,107
21800209,1610612760,1610612752,1610612760,1610612752,2018-11-14,103,128
21800210,1610612742,1610612762,1610612742,1610612762,2018-11-14,68,118
21800211,1610612756,1610612759,1610612756,1610612759,2018-11-14,96,116
21800212,1610612747,1610612757,1610612747,1610612757,2018-11-14,117,126
21800213,1610612745,1610612744,1610612745,1610612744,2018-11-15,86,107
21800214,1610612743,1610612737,1610612743,1610612737,2018-11-15,93,138
21800215,1610612746,1610612759,1610612746,1610612759,2018-11-15,111,116
21800216,1610612738,1610612761,1610612738,1610612761,2018-11-16,116,123
21800217,1610612754,1610612748,1610612754,1610612748,2018-11-16,91,99
21800218,1610612755,1610612762,1610612755,1610612762,2018-11-16,107,113
21800219,1610612764,1610612751,1610612751,1610612751,2018-11-16,115,104
21800220,1610612763,1610612758,1610612763,1610612758,2018-11-16,104,112
21800221,1610612750,1610612757,1610612750,1610612757,2018-11-16,96,112
21800222,1610612740,1610612752,1610612740,1610612752,2018-11-16,124,129
21800223,1610612749,1610612741,1610612749,1610612741,2018-11-16,104,123
21800224,1610612751,1610612746,1610612746,1610612746,2018-11-17,127,119
21800225,1610612766,1610612755,1610612755,1610612755,2018-11-17,122,119
21800226,1610612754,1610612737,1610612754,1610612737,2018-11-17,89,97
21800227,1610612753,1610612747,1610612753,1610612747,2018-11-17,117,130
21800228,1610612740,1610612743,1610612740,1610612743,2018-11-17,115,125
21800229,1610612738,1610612762,1610612762,1610612762,2018-11-17,98,86
21800230,1610612741,1610612761,1610612761,1610612761,2018-11-17,122,83
21800231,1610612745,1610612758,1610612745,1610612758,2018-11-17,112,132
21800232,1610612742,1610612744,1610612742,1610612744,2018-11-17,109,112
21800233,1610612756,1610612760,1610612760,1610612760,2018-11-17,110,100
21800234,1610612750,1610612763,1610612763,1610612763,2018-11-18,100,87
21800235,1610612748,1610612747,1610612747,1610612747,2018-11-18,113,97
21800236,1610612753,1610612752,1610612753,1610612752,2018-11-18,117,131
21800237,1610612764,1610612757,1610612757,1610612757,2018-11-18,119,109
21800238,1610612759,1610612744,1610612759,1610612744,2018-11-18,92,104
21800239,1610612766,1610612738,1610612766,1610612738,2018-11-19,112,117
21800240,1610612765,1610612739,1610612765,1610612739,2018-11-19,102,113
21800241,1610612754,1610612762,1610612754,1610612762,2018-11-19,94,121
21800242,1610612755,1610612756,1610612755,1610612756,2018-11-19,114,119
21800243,1610612737,1610612746,1610612746,1610612746,2018-11-19,127,119
21800244,1610612763,1610612742,1610612763,1610612742,2018-11-19,88,98
21800245,1610612749,1610612743,1610612749,1610612743,2018-11-19,98,104
21800246,1610612740,1610612759,1610612740,1610612759,2018-11-19,126,140
21800247,1610612758,1610612760,1610612758,1610612760,2018-11-19,113,117
21800248,1610612753,1610612761,1610612761,1610612761,2018-11-20,93,91
21800250,1610612748,1610612751,1610612751,1610612751,2018-11-20,104,92
21800251,1610612752,1610612757,1610612757,1610612757,2018-11-20,118,114
21800252,1610612766,1610612754,1610612766,1610612754,2018-11-21,109,127
21800253,1610612755,1610612740,1610612755,1610612740,2018-11-21,120,121
21800254,1610612737,1610612761,1610612761,1610612761,2018-11-21,124,108
21800255,1610612738,1610612752,1610612752,1610612752,2018-11-21,117,109
21800256,1610612739,1610612747,1610612747,1610612747,2018-11-21,109,105
21800257,1610612741,1610612756,1610612741,1610612756,2018-11-21,116,124
21800258,1610612745,1610612765,1610612745,1610612765,2018-11-21,124,126
21800259,1610612749,1610612757,1610612749,1610612757,2018-11-21,100,143
21800260,1610612750,1610612743,1610612743,1610612743,2018-11-21,103,101
21800261,1610612742,1610612751,1610612742,1610612751,2018-11-21,113,119
21800262,1610612759,1610612763,1610612763,1610612763,2018-11-21,104,103
21800263,1610612762,1610612758,1610612758,1610612758,2018-11-21,119,110
21800264,1610612744,1610612760,1610612760,1610612760,2018-11-21,123,95
21800265,1610612751,1610612750,1610612750,1610612750,2018-11-23,112,102
21800266,1610612746,1610612763,1610612746,1610612763,2018-11-23,107,112
21800267,1610612765,1610612745,1610612765,1610612745,2018-11-23,111,116
21800268,1610612737,1610612738,1610612738,1610612738,2018-11-23,114,96
21800269,1610612752,1610612740,1610612752,1610612740,2018-11-23,109,114
21800270,1610612755,1610612739,1610612739,1610612739,2018-11-23,121,112
21800271,1610612761,1610612764,1610612761,1610612764,2018-11-23,107,125
21800272,1610612754,1610612759,1610612759,1610612759,2018-11-23,111,100
21800273,1610612741,1610612748,1610612748,1610612748,2018-11-23,103,96
21800274,1610612760,1610612766,1610612760,1610612766,2018-11-23,104,109
21800275,1610612749,1610612756,1610612756,1610612756,2018-11-23,116,114
21800276,1610612743,1610612753,1610612743,1610612753,2018-11-23,87,112
21800277,1610612744,1610612757,1610612744,1610612757,2018-11-23,97,125
21800278,1610612747,1610612762,1610612747,1610612762,2018-11-23,83,90
21800279,1610612739,1610612745,1610612739,1610612745,2018-11-24,108,117
21800280,1610612764,1610612740,1610612764,1610612740,2018-11-24,114,124
21800281,1610612750,1610612741,1610612750,1610612741,2018-11-24,96,111
21800282,1610612760,1610612743,1610612743,1610612743,2018-11-24,105,98
21800283,1610612742,1610612738,1610612742,1610612738,2018-11-24,104,113
21800284,1610612749,1610612759,1610612749,1610612759,2018-11-24,129,135
21800285,1610612744,1610612758,1610612744,1610612758,2018-11-24,116,117
21800286,1610612747,1610612753,1610612753,1610612753,2018-11-25,108,104
21800287,1610612765,1610612756,1610612765,1610612756,2018-11-25,107,118
21800288,1610612737,1610612766,1610612737,1610612766,2018-11-25,123,124
21800289,1610612751,1610612755,1610612755,1610612755,2018-11-25,127,125
21800290,1610612761,1610612748,1610612761,1610612748,2018-11-25,115,125
21800291,1610612763,1610612752,1610612752,1610612752,2018-11-25,103,98
21800292,1610612758,1610612762,1610612762,1610612762,2018-11-25,133,112
21800293,1610612757,1610612746,1610612746,1610612746,2018-11-25,104,100
21800294,1610612766,1610612749,1610612766,1610612749,2018-11-26,107,110
21800295,1610612739,1610612750,1610612750,1610612750,2018-11-26,102,95
21800296,1610612764,1610612745,1610612764,1610612745,2018-11-26,131,135
21800297,1610612741,1610612759,1610612759,1610612759,2018-11-26,108,107
21800298,1610612740,1610612738,1610612738,1610612738,2018-11-26,124,107
21800299,1610612762,1610612754,1610612754,1610612754,2018-11-26,121,88
21800300,1610612744,1610612753,1610612744,1610612753,2018-11-26,110,116
21800301,1610612765,1610612752,1610612765,1610612752,2018-11-27,108,115
21800302,1610612748,1610612737,1610612737,1610612737,2018-11-27,115,113
21800303,1610612763,1610612761,1610612761,1610612761,2018-11-27,122,114
21800304,1610612743,1610612747,1610612743,1610612747,2018-11-27,85,117
21800305,1610612756,1610612754,1610612754,1610612754,2018-11-27,109,104
21800306,1610612766,1610612737,1610612766,1610612737,2018-11-28,94,108
21800307,1610612755,1610612752,1610612755,1610612752,2018-11-28,91,117
21800308,1610612751,1610612762,1610612762,1610612762,2018-11-28,101,91
21800309,1610612745,1610612742,1610612742,1610612742,2018-11-28,128,108
21800310,1610612749,1610612741,1610612749,1610612741,2018-11-28,113,116
21800311,1610612750,1610612759,1610612750,1610612759,2018-11-28,89,128
21800312,1610612740,1610612764,1610612740,1610612764,2018-11-28,104,125
21800313,1610612760,1610612739,1610612760,1610612739,2018-11-28,83,100
21800314,1610612757,1610612753,1610612757,1610612753,2018-11-28,112,115
21800315,1610612746,1610612756,1610612746,1610612756,2018-11-28,99,115
21800316,1610612761,1610612744,1610612761,1610612744,2018-11-29,128,131
21800317,1610612747,1610612754,1610612747,1610612754,2018-11-29,96,104
21800318,1610612758,1610612746,1610612746,1610612746,2018-11-29,133,121
21800319,1610612738,1610612739,1610612738,1610612739,2018-11-30,95,128
21800320,1610612766,1610612762,1610612762,1610612762,2018-11-30,119,111
21800321,1610612765,1610612741,1610612765,1610612741,2018-11-30,88,107
21800322,1610612755,1610612764,1610612755,1610612764,2018-11-30,98,123
21800323,1610612751,1610612763,1610612763,1610612763,2018-11-30,131,125
21800324,1610612748,1610612740,1610612748,1610612740,2018-11-30,101,106
21800325,1610612760,1610612737,1610612760,1610612737,2018-11-30,109,124
21800326,1610612759,1610612745,1610612745,1610612745,2018-11-30,136,105
21800327,1610612756,1610612753,1610612753,1610612753,2018-11-30,99,85
21800328,1610612747,1610612742,1610612747,1610612742,2018-11-30,103,114
21800329,1610612757,1610612743,1610612743,1610612743,2018-11-30,113,112
21800330,1610612752,1610612749,1610612752,1610612749,2018-12-01,134,136
21800331,1610612765,1610612744,1610612765,1610612744,2018-12-01,102,111
21800333,1610612764,1610612751,1610612764,1610612751,2018-12-01,88,102
21800332,1610612739,1610612761,1610612761,1610612761,2018-12-01,106,95
21800334,1610612745,1610612741,1610612745,1610612741,2018-12-01,105,121
21800335,1610612750,1610612738,1610612738,1610612738,2018-12-01,118,109
21800336,1610612758,1610612754,1610612758,1610612754,2018-12-01,110,111
21800337,1610612747,1610612756,1610612747,1610612756,2018-12-02,96,120
21800338,1610612766,1610612740,1610612740,1610612740,2018-12-02,119,109
21800339,1610612748,1610612762,1610612748,1610612762,2018-12-02,100,102
21800340,1610612755,1610612763,1610612755,1610612763,2018-12-02,95,103
21800341,1610612742,1610612746,1610612742,1610612746,2018-12-02,110,114
21800342,1610612759,1610612757,1610612759,1610612757,2018-12-02,118,131
21800343,1610612765,1610612760,1610612760,1610612760,2018-12-03,110,83
21800344,1610612737,1610612744,1610612744,1610612744,2018-12-03,128,111
21800345,1610612751,1610612739,1610612739,1610612739,2018-12-03,99,97
21800346,1610612752,1610612764,1610612764,1610612764,2018-12-03,110,107
21800347,1610612761,1610612743,1610612743,1610612743,2018-12-03,106,103
21800348,1610612750,1610612745,1610612750,1610612745,2018-12-03,91,103
21800349,1610612740,1610612746,1610612746,1610612746,2018-12-03,129,126
21800350,1610612754,1610612741,1610612754,1610612741,2018-12-04,90,96
21800351,1610612748,1610612753,1610612753,1610612753,2018-12-04,105,90
21800352,1610612742,1610612757,1610612742,1610612757,2018-12-04,102,111
21800353,1610612756,1610612758,1610612758,1610612758,2018-12-04,122,105
21800354,1610612762,1610612759,1610612762,1610612759,2018-12-04,105,139
21800355,1610612739,1610612744,1610612744,1610612744,2018-12-05,129,105
21800356,1610612753,1610612743,1610612743,1610612743,2018-12-05,124,118
21800357,1610612737,1610612764,1610612764,1610612764,2018-12-05,131,117
21800358,1610612751,1610612760,1610612760,1610612760,2018-12-05,114,112
21800359,1610612761,1610612755,1610612761,1610612755,2018-12-05,102,113
21800360,1610612763,1610612746,1610612763,1610612746,2018-12-05,86,96
21800361,1610612749,1610612765,1610612749,1610612765,2018-12-05,92,115
21800362,1610612750,1610612766,1610612750,1610612766,2018-12-05,104,121
21800363,1610612740,1610612742,1610612740,1610612742,2018-12-05,106,132
21800364,1610612747,1610612759,1610612747,1610612759,2018-12-05,113,121
21800365,1610612738,1610612752,1610612738,1610612752,2018-12-06,100,128
21800366,1610612757,1610612756,1610612757,1610612756,2018-12-06,86,108
21800367,1610612762,1610612745,1610612762,1610612745,2018-12-06,91,118
21800368,1610612766,1610612743,1610612766,1610612743,2018-12-07,107,113
21800369,1610612765,1610612755,1610612755,1610612755,2018-12-07,117,111
21800370,1610612753,1610612754,1610612754,1610612754,2018-12-07,112,90
21800371,1610612751,1610612761,1610612751,1610612761,2018-12-07,105,106
21800372,1610612739,1610612758,1610612758,1610612758,2018-12-07,129,110
21800373,1610612741,1610612760,1610612741,1610612760,2018-12-07,112,114
21800374,1610612740,1610612763,1610612763,1610612763,2018-12-07,107,103
21800375,1610612759,1610612747,1610612759,1610612747,2018-12-07,120,133
21800376,1610612756,1610612748,1610612748,1610612748,2018-12-07,115,98
21800377,1610612749,1610612744,1610612744,1610612744,2018-12-07,105,95
21800378,1610612742,1610612745,1610612742,1610612745,2018-12-08,104,107
21800379,1610612754,1610612758,1610612754,1610612758,2018-12-08,97,107
21800380,1610612737,1610612743,1610612737,1610612743,2018-12-08,98,106
21800381,1610612739,1610612764,1610612739,1610612764,2018-12-08,101,116
21800382,1610612752,1610612751,1610612751,1610612751,2018-12-08,112,104
21800383,1610612741,1610612738,1610612738,1610612738,2018-12-08,133,77
21800384,1610612763,1610612747,1610612747,1610612747,2018-12-08,111,88
21800385,1610612757,1610612750,1610612757,1610612750,2018-12-08,105,113
21800386,1610612746,1610612748,1610612748,1610612748,2018-12-08,121,98
21800387,1610612765,1610612740,1610612740,1610612740,2018-12-09,116,108
21800388,1610612761,1610612749,1610612749,1610612749,2018-12-09,104,99
21800390,1610612759,1610612762,1610612759,1610612762,2018-12-09,97,110
21800389,1610612752,1610612766,1610612766,1610612766,2018-12-09,119,107
21800391,1610612754,1610612764,1610612754,1610612764,2018-12-10,101,109
21800392,1610612755,1610612765,1610612755,1610612765,2018-12-10,102,116
21800393,1610612738,1610612740,1610612738,1610612740,2018-12-10,100,113
21800394,1610612741,1610612758,1610612758,1610612758,2018-12-10,108,89
21800395,1610612749,1610612739,1610612749,1610612739,2018-12-10,92,108
21800396,1610612760,1610612762,1610612760,1610612762,2018-12-10,113,122
21800397,1610612742,1610612753,1610612742,1610612753,2018-12-10,76,101
21800398,1610612743,1610612763,1610612743,1610612763,2018-12-10,99,105
21800399,1610612756,1610612746,1610612746,1610612746,2018-12-10,123,119
21800400,1610612744,1610612750,1610612744,1610612750,2018-12-10,108,116
21800401,1610612747,1610612748,1610612747,1610612748,2018-12-10,105,108
21800402,1610612745,1610612757,1610612745,1610612757,2018-12-11,104,111
21800403,1610612759,1610612756,1610612759,1610612756,2018-12-11,86,111
21800404,1610612746,1610612761,1610612761,1610612761,2018-12-11,123,99
21800405,1610612766,1610612765,1610612766,1610612765,2018-12-12,107,108
21800406,1610612739,1610612752,1610612739,1610612752,2018-12-12,106,113
21800407,1610612754,1610612749,1610612754,1610612749,2018-12-12,97,113
21800408,1610612755,1610612751,1610612751,1610612751,2018-12-12,127,124
21800409,1610612764,1610612738,1610612738,1610612738,2018-12-12,130,125
21800410,1610612763,1610612757,1610612763,1610612757,2018-12-12,83,92
21800412,1610612742,1610612737,1610612742,1610612737,2018-12-12,107,114
21800413,1610612762,1610612748,1610612762,1610612748,2018-12-12,84,111
21800414,1610612758,1610612750,1610612758,1610612750,2018-12-12,130,141
21800415,1610612744,1610612761,1610612761,1610612761,2018-12-12,113,93
21800416,1610612745,1610612747,1610612745,1610612747,2018-12-13,111,126
21800417,1610612759,1610612746,1610612759,1610612746,2018-12-13,87,125
21800418,1610612753,1610612741,1610612753,1610612741,2018-12-13,91,97
21800419,1610612756,1610612742,1610612756,1610612742,2018-12-13,89,99
21800420,1610612738,1610612737,1610612738,1610612737,2018-12-14,108,129
21800421,1610612766,1610612752,1610612752,1610612752,2018-12-14,126,124
21800422,1610612751,1610612764,1610612751,1610612764,2018-12-14,118,125
21800423,1610612739,1610612749,1610612749,1610612749,2018-12-14,114,102
21800424,1610612755,1610612754,1610612754,1610612754,2018-12-14,113,101
21800425,1610612763,1610612748,1610612748,1610612748,2018-12-14,100,97
21800426,1610612743,1610612760,1610612743,1610612760,2018-12-14,98,109
21800427,1610612757,1610612761,1610612757,1610612761,2018-12-14,122,128
21800428,1610612758,1610612744,1610612744,1610612744,2018-12-14,130,125
21800429,1610612753,1610612762,1610612753,1610612762,2018-12-15,89,96
21800430,1610612766,1610612747,1610612747,1610612747,2018-12-15,128,100
21800431,1610612765,1610612738,1610612765,1610612738,2018-12-15,104,113
21800432,1610612763,1610612745,1610612745,1610612745,2018-12-15,105,97
21800433,1610612759,1610612741,1610612741,1610612741,2018-12-15,98,93
21800434,1610612760,1610612746,1610612760,1610612746,2018-12-15,104,110
21800435,1610612756,1610612750,1610612756,1610612750,2018-12-15,99,107
21800436,1610612751,1610612737,1610612751,1610612737,2018-12-16,127,144
21800437,1610612739,1610612755,1610612755,1610612755,2018-12-16,128,105
21800438,1610612754,1610612752,1610612754,1610612752,2018-12-16,99,110
21800439,1610612764,1610612747,1610612764,1610612747,2018-12-16,110,128
21800440,1610612742,1610612758,1610612758,1610612758,2018-12-16,120,113
21800441,1610612740,1610612748,1610612748,1610612748,2018-12-16,102,96
21800442,1610612743,1610612761,1610612743,1610612761,2018-12-16,86,95
21800443,1610612765,1610612749,1610612749,1610612749,2018-12-17,107,104
21800444,1610612752,1610612756,1610612756,1610612756,2018-12-17,128,110
21800445,1610612745,1610612762,1610612745,1610612762,2018-12-17,97,102
21800446,1610612750,1610612758,1610612750,1610612758,2018-12-17,105,132
21800447,1610612760,1610612741,1610612760,1610612741,2018-12-17,96,121
21800448,1610612759,1610612755,1610612759,1610612755,2018-12-17,96,123
21800449,1610612744,1610612763,1610612744,1610612763,2018-12-17,93,110
21800450,1610612746,1610612757,1610612757,1610612757,2018-12-17,131,127
21800451,1610612754,1610612739,1610612739,1610612739,2018-12-18,92,91
21800452,1610612737,1610612764,1610612737,1610612764,2018-12-18,110,118
21800453,1610612751,1610612747,1610612751,1610612747,2018-12-18,110,115
21800454,1610612743,1610612742,1610612743,1610612742,2018-12-18,118,126
21800455,1610612766,1610612739,1610612766,1610612739,2018-12-19,99,110
21800456,1610612753,1610612759,1610612759,1610612759,2018-12-19,129,90
21800457,1610612755,1610612752,1610612755,1610612752,2018-12-19,109,131
21800458,1610612738,1610612756,1610612756,1610612756,2018-12-19,111,103
21800459,1610612761,1610612754,1610612761,1610612754,2018-12-19,96,99
21800460,1610612741,1610612751,1610612751,1610612751,2018-12-19,96,93
21800461,1610612745,1610612764,1610612745,1610612764,2018-12-19,118,136
21800462,1610612749,1610612740,1610612749,1610612740,2018-12-19,115,123
21800463,1610612750,1610612765,1610612765,1610612765,2018-12-19,129,123
21800464,1610612762,1610612744,1610612762,1610612744,2018-12-19,103,108
21800465,1610612757,1610612763,1610612757,1610612763,2018-12-19,92,99
21800466,1610612758,1610612760,1610612760,1610612760,2018-12-19,132,113
21800467,1610612748,1610612745,1610612748,1610612745,2018-12-20,99,101
21800468,1610612746,1610612742,1610612746,1610612742,2018-12-20,121,125
21800469,1610612766,1610612765,1610612766,1610612765,2018-12-21,86,98
21800470,1610612761,1610612739,1610612761,1610612739,2018-12-21,110,126
21800471,1610612751,1610612754,1610612754,1610612754,2018-12-21,114,106
21800472,1610612752,1610612737,1610612737,1610612737,2018-12-21,114,107
21800473,1610612738,1610612749,1610612749,1610612749,2018-12-21,120,107
21800474,1610612741,1610612753,1610612741,1610612753,2018-12-21,80,90
21800475,1610612759,1610612750,1610612759,1610612750,2018-12-21,98,124
21800476,1610612757,1610612762,1610612762,1610612762,2018-12-21,120,90
21800477,1610612758,1610612763,1610612758,1610612763,2018-12-21,99,102
21800478,1610612747,1610612740,1610612747,1610612740,2018-12-21,104,112
21800479,1610612746,1610612743,1610612746,1610612743,2018-12-22,111,132
21800480,1610612764,1610612756,1610612764,1610612756,2018-12-22,146,149
21800481,1610612755,1610612761,1610612755,1610612761,2018-12-22,101,126
21800482,1610612748,1610612749,1610612748,1610612749,2018-12-22,87,94
21800483,1610612745,1610612759,1610612745,1610612759,2018-12-22,101,108
21800484,1610612744,1610612742,1610612744,1610612742,2018-12-22,116,120
21800485,1610612762,1610612760,1610612760,1610612760,2018-12-22,107,106
21800486,1610612765,1610612737,1610612737,1610612737,2018-12-23,98,95
21800487,1610612754,1610612764,1610612754,1610612764,2018-12-23,89,105
21800488,1610612738,1610612766,1610612738,1610612766,2018-12-23,103,119
21800489,1610612751,1610612756,1610612751,1610612756,2018-12-23,103,111
21800490,1610612739,1610612741,1610612741,1610612741,2018-12-23,112,92
21800491,1610612753,1610612748,1610612748,1610612748,2018-12-23,115,91
21800492,1610612758,1610612740,1610612758,1610612740,2018-12-23,117,122
21800493,1610612760,1610612750,1610612750,1610612750,2018-12-23,114,112
21800494,1610612744,1610612746,1610612744,1610612746,2018-12-23,127,129
21800495,1610612757,1610612742,1610612757,1610612742,2018-12-23,118,121
21800496,1610612747,1610612763,1610612763,1610612763,2018-12-23,107,99
21800497,1610612752,1610612749,1610612749,1610612749,2018-12-25,109,95
21800498,1610612745,1610612760,1610612745,1610612760,2018-12-25,109,113
21800499,1610612738,1610612755,1610612738,1610612755,2018-12-25,114,121
21800500,1610612744,1610612747,1610612747,1610612747,2018-12-25,127,101
21800501,1610612762,1610612757,1610612762,1610612757,2018-12-25,96,117
21800502,1610612765,1610612764,1610612765,1610612764,2018-12-26,95,106
21800503,1610612753,1610612756,1610612756,1610612756,2018-12-26,122,120
21800504,1610612737,1610612754,1610612754,1610612754,2018-12-26,129,121
21800505,1610612751,1610612766,1610612751,1610612766,2018-12-26,132,134
21800506,1610612748,1610612761,1610612761,1610612761,2018-12-26,106,104
21800507,1610612741,1610612750,1610612750,1610612750,2018-12-26,119,94
21800508,1610612763,1610612739,1610612763,1610612739,2018-12-26,87,95
21800509,1610612742,1610612740,1610612742,1610612740,2018-12-26,119,122
21800510,1610612759,1610612743,1610612759,1610612743,2018-12-26,103,111
21800511,1610612746,1610612758,1610612746,1610612758,2018-12-26,118,127
21800512,1610612745,1610612738,1610612745,1610612738,2018-12-27,113,127
21800513,1610612749,1610612752,1610612749,1610612752,2018-12-27,96,112
21800514,1610612758,1610612747,1610612758,1610612747,2018-12-27,116,117
21800515,1610612762,1610612755,1610612755,1610612755,2018-12-27,114,97
21800516,1610612744,1610612757,1610612757,1610612757,2018-12-27,110,109
21800517,1610612766,1610612751,1610612766,1610612751,2018-12-28,87,100
21800518,1610612754,1610612765,1610612754,1610612765,2018-12-28,88,125
21800519,1610612753,1610612761,1610612753,1610612761,2018-12-28,87,116
21800520,1610612764,1610612741,1610612741,1610612741,2018-12-28,101,92
21800521,1610612748,1610612739,1610612748,1610612739,2018-12-28,94,118
21800522,1610612750,1610612737,1610612737,1610612737,2018-12-28,123,120
21800523,1610612740,1610612742,1610612740,1610612742,2018-12-28,112,114
21800524,1610612743,1610612759,1610612743,1610612759,2018-12-28,99,102
21800525,1610612756,1610612760,1610612760,1610612760,2018-12-28,118,102
21800526,1610612747,1610612746,1610612746,1610612746,2018-12-28,118,107
21800527,1610612749,1610612751,1610612749,1610612751,2018-12-29,115,129
21800528,1610612740,1610612745,1610612745,1610612745,2018-12-29,108,104
21800530,1610612764,1610612766,1610612764,1610612766,2018-12-29,126,130
21800529,1610612737,1610612739,1610612737,1610612739,2018-12-29,108,111
21800531,1610612763,1610612738,1610612738,1610612738,2018-12-29,112,103
21800532,1610612762,1610612752,1610612762,1610612752,2018-12-29,97,129
21800533,1610612756,1610612743,1610612743,1610612743,2018-12-29,122,118
21800534,1610612757,1610612744,1610612744,1610612744,2018-12-29,115,105
21800535,1610612746,1610612759,1610612759,1610612759,2018-12-29,122,111
21800536,1610612753,1610612765,1610612753,1610612765,2018-12-30,107,109
21800537,1610612748,1610612750,1610612750,1610612750,2018-12-30,113,104
21800538,1610612761,1610612741,1610612761,1610612741,2018-12-30,89,95
21800539,1610612742,1610612760,1610612742,1610612760,2018-12-30,103,105
21800540,1610612757,1610612755,1610612757,1610612755,2018-12-30,95,129
21800541,1610612747,1610612758,1610612747,1610612758,2018-12-30,114,121
21800542,1610612754,1610612737,1610612754,1610612737,2018-12-31,108,116
21800543,1610612766,1610612753,1610612766,1610612753,2018-12-31,100,125
21800544,1610612745,1610612763,1610612745,1610612763,2018-12-31,101,113
21800545,1610612759,1610612738,1610612759,1610612738,2018-12-31,111,120
21800546,1610612740,1610612750,1610612740,1610612750,2018-12-31,114,123
21800547,1610612760,1610612742,1610612760,1610612742,2018-12-31,102,122
21800548,1610612756,1610612744,1610612744,1610612744,2018-12-31,132,109
21800549,1610612761,1610612762,1610612761,1610612762,2019-01-01,116,122
21800550,1610612749,1610612765,1610612749,1610612765,2019-01-01,98,121
21800551,1610612743,1610612752,1610612743,1610612752,2019-01-01,108,115
21800552,1610612758,1610612757,1610612757,1610612757,2019-01-01,113,108
21800553,1610612746,1610612755,1610612755,1610612755,2019-01-01,119,113
21800554,1610612766,1610612742,1610612742,1610612742,2019-01-02,122,84
21800555,1610612739,1610612748,1610612748,1610612748,2019-01-02,117,92
21800556,1610612764,1610612737,1610612764,1610612737,2019-01-02,98,114
21800557,1610612751,1610612740,1610612751,1610612740,2019-01-02,121,126
21800558,1610612738,1610612750,1610612738,1610612750,2019-01-02,102,115
21800559,1610612741,1610612753,1610612753,1610612753,2019-01-02,112,84
21800560,1610612763,1610612765,1610612765,1610612765,2019-01-02,101,94
21800561,1610612756,1610612755,1610612755,1610612755,2019-01-02,132,127
21800562,1610612747,1610612760,1610612760,1610612760,2019-01-02,107,100
21800563,1610612759,1610612761,1610612759,1610612761,2019-01-03,107,125
21800564,1610612758,1610612743,1610612743,1610612743,2019-01-03,117,113
21800565,1610612744,1610612745,1610612745,1610612745,2019-01-03,135,134
21800567,1610612739,1610612762,1610612762,1610612762,2019-01-04,117,91
21800566,1610612738,1610612742,1610612738,1610612742,2019-01-04,93,114
21800568,1610612748,1610612764,1610612748,1610612764,2019-01-04,109,115
21800569,1610612741,1610612754,1610612754,1610612754,2019-01-04,119,116
21800570,1610612763,1610612751,1610612751,1610612751,2019-01-04,109,100
21800571,1610612750,1610612753,1610612750,1610612753,2019-01-04,103,120
21800572,1610612749,1610612737,1610612749,1610612737,2019-01-04,112,144
21800573,1610612756,1610612746,1610612746,1610612746,2019-01-04,121,111
21800574,1610612747,1610612752,1610612752,1610612752,2019-01-04,119,112
21800575,1610612757,1610612760,1610612760,1610612760,2019-01-04,111,109
21800576,1610612743,1610612766,1610612743,1610612766,2019-01-05,110,123
21800577,1610612765,1610612762,1610612762,1610612762,2019-01-05,110,105
21800578,1610612755,1610612742,1610612755,1610612742,2019-01-05,100,106
21800579,1610612739,1610612740,1610612740,1610612740,2019-01-05,133,98
21800580,1610612749,1610612761,1610612761,1610612761,2019-01-05,123,116
21800581,1610612759,1610612763,1610612759,1610612763,2019-01-05,88,108
21800582,1610612757,1610612745,1610612757,1610612745,2019-01-05,101,110
21800583,1610612758,1610612744,1610612744,1610612744,2019-01-05,127,123
21800584,1610612741,1610612751,1610612751,1610612751,2019-01-06,117,100
21800585,1610612750,1610612747,1610612750,1610612747,2019-01-06,86,108
21800586,1610612746,1610612753,1610612746,1610612753,2019-01-06,96,106
21800587,1610612737,1610612748,1610612737,1610612748,2019-01-06,82,106
21800588,1610612760,1610612764,1610612764,1610612764,2019-01-06,116,98
21800589,1610612761,1610612754,1610612761,1610612754,2019-01-06,105,121
21800590,1610612756,1610612766,1610612766,1610612766,2019-01-06,119,113
21800591,1610612765,1610612759,1610612759,1610612759,2019-01-07,119,107
21800592,1610612738,1610612751,1610612738,1610612751,2019-01-07,95,116
21800593,1610612745,1610612743,1610612745,1610612743,2019-01-07,113,125
21800594,1610612749,1610612762,1610612749,1610612762,2019-01-07,102,114
21800595,1610612740,1610612763,1610612740,1610612763,2019-01-07,95,114
21800596,1610612742,1610612747,1610612747,1610612747,2019-01-07,107,97
21800597,1610612757,1610612752,1610612757,1610612752,2019-01-07,101,111
21800598,1610612758,1610612753,1610612758,1610612753,2019-01-07,95,111
21800599,1610612739,1610612754,1610612754,1610612754,2019-01-08,123,115
21800600,1610612755,1610612764,1610612755,1610612764,2019-01-08,115,132
21800601,1610612748,1610612743,1610612743,1610612743,2019-01-08,103,99
21800602,1610612761,1610612737,1610612761,1610612737,2019-01-08,101,104
21800603,1610612760,1610612750,1610612750,1610612750,2019-01-08,119,117
21800604,1610612756,1610612758,1610612756,1610612758,2019-01-08,111,115
21800605,1610612744,1610612752,1610612744,1610612752,2019-01-08,95,122
21800606,1610612746,1610612766,1610612746,1610612766,2019-01-08,109,128
21800607,1610612738,1610612754,1610612738,1610612754,2019-01-09,108,135
21800608,1610612764,1610612755,1610612764,1610612755,2019-01-09,106,123
21800609,1610612751,1610612737,1610612751,1610612737,2019-01-09,100,116
21800610,1610612745,1610612749,1610612749,1610612749,2019-01-09,116,109
21800611,1610612763,1610612759,1610612763,1610612759,2019-01-09,86,96
21800612,1610612740,1610612739,1610612740,1610612739,2019-01-09,124,140
21800613,1610612742,1610612756,1610612742,1610612756,2019-01-09,94,104
21800614,1610612762,1610612753,1610612762,1610612753,2019-01-09,93,106
21800615,1610612757,1610612741,1610612757,1610612741,2019-01-09,112,124
21800616,1610612747,1610612765,1610612747,1610612765,2019-01-09,100,113
21800617,1610612748,1610612738,1610612748,1610612738,2019-01-10,99,115
21800618,1610612743,1610612746,1610612743,1610612746,2019-01-10,100,121
21800619,1610612759,1610612760,1610612759,1610612760,2019-01-10,147,154
21800620,1610612758,1610612765,1610612758,1610612765,2019-01-10,102,112
21800621,1610612755,1610612737,1610612737,1610612737,2019-01-11,123,121
21800622,1610612764,1610612749,1610612764,1610612749,2019-01-11,106,113
21800623,1610612752,1610612754,1610612754,1610612754,2019-01-11,121,106
21800624,1610612761,1610612751,1610612761,1610612751,2019-01-11,105,122
21800625,1610612745,1610612739,1610612745,1610612739,2019-01-11,113,141
21800626,1610612750,1610612742,1610612742,1610612742,2019-01-11,119,115
21800627,1610612762,1610612747,1610612762,1610612747,2019-01-11,95,113
21800628,1610612757,1610612766,1610612757,1610612766,2019-01-11,96,127
21800629,1610612744,1610612741,1610612744,1610612741,2019-01-11,109,146
21800630,1610612746,1610612765,1610612765,1610612765,2019-01-12,109,104
21800631,1610612748,1610612763,1610612748,1610612763,2019-01-12,108,112
21800632,1610612753,1610612738,1610612753,1610612738,2019-01-12,103,105
21800633,1610612750,1610612740,1610612750,1610612740,2019-01-12,106,110
21800635,1610612756,1610612743,1610612756,1610612743,2019-01-12,93,102
21800636,1610612758,1610612766,1610612758,1610612766,2019-01-12,97,104
21800637,1610612762,1610612741,1610612762,1610612741,2019-01-12,102,110
21800638,1610612752,1610612755,1610612755,1610612755,2019-01-13,108,105
21800639,1610612764,1610612761,1610612761,1610612761,2019-01-13,140,138
21800640,1610612737,1610612749,1610612749,1610612749,2019-01-13,133,114
21800641,1610612753,1610612745,1610612753,1610612745,2019-01-13,109,116
21800642,1610612742,1610612744,1610612744,1610612744,2019-01-13,119,114
21800643,1610612743,1610612757,1610612743,1610612757,2019-01-13,113,116
21800644,1610612747,1610612739,1610612739,1610612739,2019-01-13,101,95
21800645,1610612751,1610612738,1610612751,1610612738,2019-01-14,102,109
21800646,1610612745,1610612763,1610612745,1610612763,2019-01-14,94,112
21800647,1610612759,1610612766,1610612766,1610612766,2019-01-14,108,93
21800648,1610612762,1610612765,1610612762,1610612765,2019-01-14,94,100
21800649,1610612758,1610612757,1610612758,1610612757,2019-01-14,107,115
21800650,1610612746,1610612740,1610612740,1610612740,2019-01-14,121,117
21800651,1610612754,1610612756,1610612754,1610612756,2019-01-15,97,131
21800652,1610612755,1610612750,1610612755,1610612750,2019-01-15,107,149
21800653,1610612737,1610612760,1610612737,1610612760,2019-01-15,126,142
21800654,1610612749,1610612748,1610612749,1610612748,2019-01-15,86,124
21800655,1610612743,1610612744,1610612744,1610612744,2019-01-15,142,111
21800656,1610612747,1610612741,1610612747,1610612741,2019-01-15,100,107
21800657,1610612765,1610612753,1610612765,1610612753,2019-01-16,115,120
21800658,1610612738,1610612761,1610612738,1610612761,2019-01-16,108,117
21800659,1610612745,1610612751,1610612751,1610612751,2019-01-16,145,142
21800660,1610612763,1610612749,1610612749,1610612749,2019-01-16,111,101
21800661,1610612742,1610612759,1610612759,1610612759,2019-01-16,105,101
21800662,1610612757,1610612739,1610612757,1610612739,2019-01-16,112,129
21800663,1610612744,1610612740,1610612744,1610612740,2019-01-16,140,147
21800664,1610612746,1610612762,1610612762,1610612762,2019-01-16,129,109
21800665,1610612764,1610612752,1610612764,1610612752,2019-01-17,100,101
21800666,1610612766,1610612758,1610612766,1610612758,2019-01-17,95,114
21800667,1610612754,1610612755,1610612755,1610612755,2019-01-17,120,96
21800668,1610612761,1610612756,1610612761,1610612756,2019-01-17,109,111
21800669,1610612743,1610612741,1610612743,1610612741,2019-01-17,105,135
21800670,1610612760,1610612747,1610612747,1610612747,2019-01-17,138,128
21800671,1610612738,1610612763,1610612738,1610612763,2019-01-18,116,122
21800672,1610612765,1610612748,1610612765,1610612748,2019-01-18,93,98
21800673,1610612753,1610612751,1610612751,1610612751,2019-01-18,117,115
21800674,1610612750,1610612759,1610612759,1610612759,2019-01-18,116,113
21800675,1610612762,1610612739,1610612762,1610612739,2019-01-18,99,115
21800676,1610612746,1610612744,1610612744,1610612744,2019-01-18,112,94
21800677,1610612757,1610612740,1610612757,1610612740,2019-01-18,112,128
21800678,1610612755,1610612760,1610612760,1610612760,2019-01-19,117,115
21800679,1610612766,1610612756,1610612766,1610612756,2019-01-19,115,135
21800680,1610612765,1610612758,1610612758,1610612758,2019-01-19,103,101
21800681,1610612754,1610612742,1610612754,1610612742,2019-01-19,99,111
21800682,1610612753,1610612749,1610612749,1610612749,2019-01-19,118,108
21800683,1610612737,1610612738,1610612738,1610612738,2019-01-19,113,105
21800684,1610612761,1610612763,1610612761,1610612763,2019-01-19,90,119
21800685,1610612741,1610612748,1610612748,1610612748,2019-01-19,117,103
21800686,1610612745,1610612747,1610612745,1610612747,2019-01-19,134,138
21800687,1610612743,1610612739,1610612743,1610612739,2019-01-19,102,124
21800688,1610612754,1610612766,1610612754,1610612766,2019-01-20,95,120
21800689,1610612750,1610612756,1610612750,1610612756,2019-01-20,114,116
21800690,1610612759,1610612746,1610612746,1610612746,2019-01-20,103,95
21800691,1610612752,1610612760,1610612760,1610612760,2019-01-21,127,109
21800692,1610612739,1610612741,1610612741,1610612741,2019-01-21,104,88
21800693,1610612764,1610612765,1610612764,1610612765,2019-01-21,87,101
21800694,1610612749,1610612742,1610612749,1610612742,2019-01-21,106,116
21800695,1610612737,1610612753,1610612753,1610612753,2019-01-21,122,103
21800696,1610612751,1610612758,1610612751,1610612758,2019-01-21,94,123
21800697,1610612763,1610612740,1610612740,1610612740,2019-01-21,105,85
21800698,1610612738,1610612748,1610612738,1610612748,2019-01-21,99,107
21800699,1610612755,1610612745,1610612755,1610612745,2019-01-21,93,121
21800700,1610612762,1610612757,1610612757,1610612757,2019-01-21,109,104
21800701,1610612747,1610612744,1610612744,1610612744,2019-01-21,130,111
21800702,1610612761,1610612758,1610612761,1610612758,2019-01-22,105,120
21800703,1610612760,1610612757,1610612760,1610612757,2019-01-22,114,123
21800704,1610612742,1610612746,1610612742,1610612746,2019-01-22,98,106
21800705,1610612756,1610612750,1610612750,1610612750,2019-01-22,118,91
21800706,1610612754,1610612761,1610612754,1610612761,2019-01-23,106,110
21800707,1610612738,1610612739,1610612738,1610612739,2019-01-23,103,123
21800708,1610612751,1610612753,1610612751,1610612753,2019-01-23,110,114
21800709,1610612748,1610612746,1610612746,1610612746,2019-01-23,111,99
21800710,1610612752,1610612745,1610612745,1610612745,2019-01-23,114,110
21800711,1610612755,1610612759,1610612755,1610612759,2019-01-23,120,122
21800712,1610612741,1610612737,1610612737,1610612737,2019-01-23,121,101
21800713,1610612763,1610612766,1610612766,1610612766,2019-01-23,118,107
21800714,1610612740,1610612765,1610612765,1610612765,2019-01-23,98,94
21800715,1610612762,1610612743,1610612762,1610612743,2019-01-23,108,114
21800716,1610612764,1610612744,1610612744,1610612744,2019-01-24,126,118
21800717,1610612760,1610612740,1610612760,1610612740,2019-01-24,116,122
21800718,1610612756,1610612757,1610612757,1610612757,2019-01-24,120,106
21800719,1610612747,1610612750,1610612750,1610612750,2019-01-24,120,105
21800720,1610612753,1610612764,1610612764,1610612764,2019-01-25,95,91
21800721,1610612751,1610612752,1610612751,1610612752,2019-01-25,99,109
21800722,1610612739,1610612748,1610612748,1610612748,2019-01-25,100,94
21800723,1610612741,1610612746,1610612746,1610612746,2019-01-25,106,101
21800724,1610612745,1610612761,1610612745,1610612761,2019-01-25,119,121
21800725,1610612763,1610612758,1610612758,1610612758,2019-01-25,99,96
21800726,1610612742,1610612765,1610612742,1610612765,2019-01-25,101,106
21800727,1610612749,1610612766,1610612749,1610612766,2019-01-25,99,108
21800728,1610612743,1610612756,1610612743,1610612756,2019-01-25,95,132
21800729,1610612762,1610612750,1610612762,1610612750,2019-01-25,102,106
21800730,1610612740,1610612759,1610612759,1610612759,2019-01-26,126,114
21800731,1610612763,1610612754,1610612763,1610612754,2019-01-26,103,106
21800732,1610612738,1610612744,1610612744,1610612744,2019-01-26,115,111
21800733,1610612743,1610612755,1610612743,1610612755,2019-01-26,110,126
21800734,1610612757,1610612737,1610612757,1610612737,2019-01-26,111,120
21800735,1610612741,1610612739,1610612739,1610612739,2019-01-27,104,101
21800736,1610612746,1610612758,1610612746,1610612758,2019-01-27,108,122
21800738,1610612760,1610612749,1610612760,1610612749,2019-01-27,112,118
21800737,1610612745,1610612753,1610612745,1610612753,2019-01-27,98,103
21800739,1610612742,1610612761,1610612761,1610612761,2019-01-27,123,120
21800740,1610612750,1610612762,1610612762,1610612762,2019-01-27,125,111
21800742,1610612759,1610612764,1610612759,1610612764,2019-01-27,119,132
21800741,1610612752,1610612748,1610612748,1610612748,2019-01-27,106,97
21800743,1610612747,1610612756,1610612747,1610612756,2019-01-27,102,116
21800744,1610612766,1610612752,1610612766,1610612752,2019-01-28,92,101
21800745,1610612754,1610612744,1610612744,1610612744,2019-01-28,132,100
21800746,1610612738,1610612751,1610612738,1610612751,2019-01-28,104,112
21800747,1610612763,1610612743,1610612743,1610612743,2019-01-28,95,92
21800748,1610612746,1610612737,1610612737,1610612737,2019-01-28,123,118
21800749,1610612739,1610612764,1610612739,1610612764,2019-01-29,113,116
21800750,1610612765,1610612749,1610612749,1610612749,2019-01-29,115,105
21800751,1610612753,1610612760,1610612760,1610612760,2019-01-29,126,117
21800752,1610612751,1610612741,1610612751,1610612741,2019-01-29,117,122
21800753,1610612745,1610612740,1610612740,1610612740,2019-01-29,121,116
21800754,1610612759,1610612756,1610612759,1610612756,2019-01-29,124,126
21800755,1610612747,1610612755,1610612755,1610612755,2019-01-29,121,105
21800756,1610612738,1610612766,1610612738,1610612766,2019-01-30,94,126
21800757,1610612748,1610612741,1610612741,1610612741,2019-01-30,105,89
21800758,1610612752,1610612742,1610612742,1610612742,2019-01-30,114,90
21800759,1610612764,1610612754,1610612764,1610612754,2019-01-30,89,107
21800760,1610612750,1610612763,1610612750,1610612763,2019-01-30,97,99
21800761,1610612740,1610612743,1610612743,1610612743,2019-01-30,105,99
21800762,1610612758,1610612737,1610612758,1610612737,2019-01-30,113,135
21800763,1610612757,1610612762,1610612757,1610612762,2019-01-30,105,132
21800764,1610612765,1610612742,1610612765,1610612742,2019-01-31,89,93
21800765,1610612753,1610612754,1610612753,1610612754,2019-01-31,100,107
21800766,1610612761,1610612749,1610612749,1610612749,2019-01-31,105,92
21800767,1610612759,1610612751,1610612759,1610612751,2019-01-31,114,117
21800768,1610612744,1610612755,1610612755,1610612755,2019-01-31,113,104
21800769,1610612746,1610612747,1610612747,1610612747,2019-01-31,123,120
21800770,1610612766,1610612763,1610612766,1610612763,2019-02-01,92,100
21800771,1610612752,1610612738,1610612738,1610612738,2019-02-01,113,99
21800772,1610612748,1610612760,1610612760,1610612760,2019-02-01,118,102
21800773,1610612762,1610612737,1610612762,1610612737,2019-02-01,112,128
21800774,1610612743,1610612745,1610612743,1610612745,2019-02-01,122,136
21800775,1610612765,1610612746,1610612746,1610612746,2019-02-02,111,101
21800776,1610612766,1610612741,1610612766,1610612741,2019-02-02,118,125
21800777,1610612753,1610612751,1610612753,1610612751,2019-02-02,89,102
21800778,1610612764,1610612749,1610612749,1610612749,2019-02-02,131,115
21800780,1610612739,1610612742,1610612742,1610612742,2019-02-02,111,98
21800781,1610612748,1610612754,1610612754,1610612754,2019-02-02,95,88
21800779,1610612759,1610612740,1610612759,1610612740,2019-02-02,108,113
21800782,1610612744,1610612747,1610612744,1610612747,2019-02-02,101,115
21800783,1610612750,1610612743,1610612743,1610612743,2019-02-02,107,106
21800784,1610612756,1610612737,1610612737,1610612737,2019-02-02,118,112
21800786,1610612762,1610612745,1610612745,1610612745,2019-02-02,125,98
21800785,1610612758,1610612755,1610612758,1610612755,2019-02-02,108,115
21800787,1610612752,1610612763,1610612763,1610612763,2019-02-03,96,84
21800788,1610612738,1610612760,1610612738,1610612760,2019-02-03,129,134
21800789,1610612761,1610612746,1610612761,1610612746,2019-02-03,103,121
21800790,1610612765,1610612743,1610612765,1610612743,2019-02-04,103,129
21800791,1610612764,1610612737,1610612737,1610612737,2019-02-04,137,129
21800792,1610612751,1610612749,1610612749,1610612749,2019-02-04,113,94
21800793,1610612740,1610612754,1610612754,1610612754,2019-02-04,109,107
21800794,1610612756,1610612745,1610612745,1610612745,2019-02-04,118,110
21800795,1610612758,1610612759,1610612758,1610612759,2019-02-04,112,127
21800796,1610612766,1610612746,1610612746,1610612746,2019-02-05,117,115
21800797,1610612739,1610612738,1610612738,1610612738,2019-02-05,103,96
21800798,1610612754,1610612747,1610612754,1610612747,2019-02-05,94,136
21800799,1610612752,1610612765,1610612765,1610612765,2019-02-05,105,92
21800800,1610612755,1610612761,1610612761,1610612761,2019-02-05,119,107
21800801,1610612763,1610612750,1610612763,1610612750,2019-02-05,106,108
21800802,1610612760,1610612753,1610612760,1610612753,2019-02-05,122,132
21800803,1610612757,1610612748,1610612748,1610612748,2019-02-05,118,108
21800804,1610612751,1610612743,1610612751,1610612743,2019-02-06,130,135
21800805,1610612741,1610612740,1610612740,1610612740,2019-02-06,125,120
21800806,1610612749,1610612764,1610612749,1610612764,2019-02-06,129,148
21800807,1610612742,1610612766,1610612742,1610612766,2019-02-06,93,99
21800808,1610612762,1610612756,1610612762,1610612756,2019-02-06,88,116
21800809,1610612758,1610612745,1610612745,1610612745,2019-02-06,127,101
21800810,1610612744,1610612759,1610612744,1610612759,2019-02-06,102,141
21800811,1610612754,1610612746,1610612754,1610612746,2019-02-07,92,116
21800812,1610612753,1610612750,1610612753,1610612750,2019-02-07,112,122
21800813,1610612737,1610612761,1610612761,1610612761,2019-02-07,119,101
21800814,1610612738,1610612747,1610612747,1610612747,2019-02-07,129,128
21800816,1610612757,1610612759,1610612757,1610612759,2019-02-07,118,127
21800817,1610612765,1610612752,1610612765,1610612752,2019-02-08,103,120
21800818,1610612755,1610612743,1610612755,1610612743,2019-02-08,110,117
21800819,1610612764,1610612739,1610612764,1610612739,2019-02-08,106,119
21800820,1610612751,1610612741,1610612741,1610612741,2019-02-08,125,106
21800821,1610612742,1610612749,1610612749,1610612749,2019-02-08,122,107
21800822,1610612756,1610612744,1610612744,1610612744,2019-02-08,117,107
21800823,1610612740,1610612750,1610612740,1610612750,2019-02-08,117,122
21800824,1610612758,1610612748,1610612758,1610612748,2019-02-08,96,102
21800825,1610612762,1610612759,1610612762,1610612759,2019-02-09,105,125
21800826,1610612754,1610612739,1610612754,1610612739,2019-02-09,90,105
21800827,1610612737,1610612766,1610612766,1610612766,2019-02-09,129,120
21800828,1610612752,1610612761,1610612761,1610612761,2019-02-09,104,99
21800829,1610612738,1610612746,1610612746,1610612746,2019-02-09,123,112
21800830,1610612741,1610612764,1610612764,1610612764,2019-02-09,134,125
21800831,1610612763,1610612740,1610612763,1610612740,2019-02-09,90,99
21800832,1610612745,1610612760,1610612760,1610612760,2019-02-09,117,112
21800833,1610612749,1610612753,1610612753,1610612753,2019-02-09,103,83
21800834,1610612742,1610612757,1610612742,1610612757,2019-02-10,101,102
21800835,1610612755,1610612747,1610612755,1610612747,2019-02-10,120,143
21800836,1610612758,1610612756,1610612758,1610612756,2019-02-10,104,117
21800837,1610612737,1610612753,1610612753,1610612753,2019-02-10,124,108
21800838,1610612744,1610612748,1610612744,1610612748,2019-02-10,118,120
21800839,1610612739,1610612752,1610612739,1610612752,2019-02-11,104,107
21800840,1610612765,1610612764,1610612765,1610612764,2019-02-11,112,121
21800841,1610612754,1610612766,1610612754,1610612766,2019-02-11,90,99
21800842,1610612761,1610612751,1610612761,1610612751,2019-02-11,125,127
21800843,1610612741,1610612749,1610612749,1610612749,2019-02-11,112,99
21800844,1610612745,1610612742,1610612745,1610612742,2019-02-11,104,120
21800845,1610612750,1610612746,1610612750,1610612746,2019-02-11,120,130
21800846,1610612760,1610612757,1610612760,1610612757,2019-02-11,111,120
21800847,1610612743,1610612748,1610612743,1610612748,2019-02-11,87,103
21800848,1610612737,1610612747,1610612737,1610612747,2019-02-12,113,117
21800849,1610612755,1610612738,1610612738,1610612738,2019-02-12,112,109
21800850,1610612763,1610612759,1610612759,1610612759,2019-02-12,108,107
21800851,1610612740,1610612753,1610612753,1610612753,2019-02-12,118,88
21800852,1610612744,1610612762,1610612744,1610612762,2019-02-12,108,115
21800853,1610612739,1610612751,1610612751,1610612751,2019-02-13,148,139
21800854,1610612754,1610612749,1610612749,1610612749,2019-02-13,106,97
21800855,1610612738,1610612765,1610612738,1610612765,2019-02-13,110,118
21800856,1610612752,1610612755,1610612755,1610612755,2019-02-13,126,111
21800857,1610612761,1610612764,1610612761,1610612764,2019-02-13,120,129
21800858,1610612741,1610612763,1610612741,1610612763,2019-02-13,110,122
21800861,1610612750,1610612745,1610612750,1610612745,2019-02-13,111,121
21800859,1610612742,1610612748,1610612748,1610612748,2019-02-13,112,101
21800860,1610612743,1610612758,1610612743,1610612758,2019-02-13,118,120
21800862,1610612757,1610612744,1610612757,1610612744,2019-02-13,107,129
21800863,1610612746,1610612756,1610612746,1610612756,2019-02-13,107,134
21800864,1610612753,1610612766,1610612753,1610612766,2019-02-14,89,127
21800865,1610612737,1610612752,1610612752,1610612752,2019-02-14,106,91
21800866,1610612740,1610612760,1610612740,1610612760,2019-02-14,122,131
21800867,1610612739,1610612756,1610612739,1610612756,2019-02-21,98,111
21800868,1610612755,1610612748,1610612755,1610612748,2019-02-21,102,106
21800869,1610612751,1610612757,1610612757,1610612757,2019-02-21,113,99
21800870,1610612749,1610612738,1610612749,1610612738,2019-02-21,97,98
21800871,1610612744,1610612758,1610612744,1610612758,2019-02-21,123,125
21800872,1610612747,1610612745,1610612747,1610612745,2019-02-21,106,111
21800873,1610612766,1610612764,1610612766,1610612764,2019-02-22,110,123
21800874,1610612754,1610612740,1610612754,1610612740,2019-02-22,111,126
21800875,1610612753,1610612741,1610612741,1610612741,2019-02-22,110,109
21800876,1610612761,1610612759,1610612761,1610612759,2019-02-22,117,120
21800877,1610612737,1610612765,1610612765,1610612765,2019-02-22,125,122
21800878,1610612752,1610612750,1610612750,1610612750,2019-02-22,115,104
21800879,1610612763,1610612746,1610612746,1610612746,2019-02-22,112,106
21800880,1610612742,1610612743,1610612743,1610612743,2019-02-22,114,104
21800881,1610612760,1610612762,1610612760,1610612762,2019-02-22,147,148
21800882,1610612755,1610612757,1610612757,1610612757,2019-02-23,130,115
21800883,1610612737,1610612756,1610612737,1610612756,2019-02-23,112,120
21800884,1610612766,1610612751,1610612751,1610612751,2019-02-23,117,115
21800885,1610612739,1610612763,1610612739,1610612763,2019-02-23,107,112
21800886,1610612764,1610612754,1610612754,1610612754,2019-02-23,119,112
21800887,1610612740,1610612747,1610612740,1610612747,2019-02-23,115,128
21800888,1610612748,1610612765,1610612765,1610612765,2019-02-23,119,96
21800889,1610612741,1610612738,1610612741,1610612738,2019-02-23,116,126
21800890,1610612760,1610612758,1610612758,1610612758,2019-02-23,119,116
21800891,1610612749,1610612750,1610612749,1610612750,2019-02-23,128,140
21800892,1610612744,1610612745,1610612745,1610612745,2019-02-23,118,112
21800893,1610612762,1610612742,1610612762,1610612742,2019-02-23,109,125
21800894,1610612761,1610612753,1610612753,1610612753,2019-02-24,113,98
21800895,1610612743,1610612746,1610612743,1610612746,2019-02-24,96,123
21800896,1610612752,1610612759,1610612752,1610612759,2019-02-24,118,130
21800897,1610612766,1610612744,1610612744,1610612744,2019-02-25,121,110
21800898,1610612739,1610612757,1610612757,1610612757,2019-02-25,123,110
21800899,1610612765,1610612754,1610612765,1610612754,2019-02-25,109,113
21800900,1610612751,1610612759,1610612751,1610612759,2019-02-25,85,101
21800901,1610612748,1610612756,1610612756,1610612756,2019-02-25,124,121
21800902,1610612741,1610612749,1610612749,1610612749,2019-02-25,117,106
21800903,1610612745,1610612737,1610612745,1610612737,2019-02-25,111,119
21800904,1610612763,1610612747,1610612763,1610612747,2019-02-25,105,110
21800905,1610612750,1610612758,1610612750,1610612758,2019-02-25,105,112
21800906,1610612740,1610612755,1610612755,1610612755,2019-02-25,111,110
21800907,1610612746,1610612742,1610612746,1610612742,2019-02-25,112,121
21800908,1610612752,1610612753,1610612752,1610612753,2019-02-26,103,108
21800909,1610612761,1610612738,1610612761,1610612738,2019-02-26,95,118
21800910,1610612743,1610612760,1610612743,1610612760,2019-02-26,112,121
21800911,1610612766,1610612745,1610612745,1610612745,2019-02-27,118,113
21800912,1610612737,1610612750,1610612737,1610612750,2019-02-27,123,131
21800914,1610612751,1610612764,1610612764,1610612764,2019-02-27,125,116
21800915,1610612748,1610612744,1610612748,1610612744,2019-02-27,125,126
21800913,1610612738,1610612757,1610612757,1610612757,2019-02-27,97,92
21800916,1610612763,1610612741,1610612741,1610612741,2019-02-27,109,107
21800917,1610612759,1610612765,1610612759,1610612765,2019-02-27,93,105
21800918,1610612742,1610612754,1610612742,1610612754,2019-02-27,101,110
21800919,1610612762,1610612746,1610612762,1610612746,2019-02-27,105,111
21800920,1610612758,1610612749,1610612749,1610612749,2019-02-27,141,140
21800921,1610612747,1610612740,1610612747,1610612740,2019-02-27,119,125
21800922,1610612754,1610612750,1610612754,1610612750,2019-02-28,115,122
21800923,1610612753,1610612744,1610612753,1610612744,2019-02-28,96,103
21800924,1610612752,1610612739,1610612739,1610612739,2019-02-28,125,118
21800925,1610612745,1610612748,1610612745,1610612748,2019-02-28,118,121
21800927,1610612760,1610612755,1610612755,1610612755,2019-02-28,108,104
21800926,1610612743,1610612762,1610612762,1610612762,2019-02-28,111,104
21800928,1610612737,1610612741,1610612741,1610612741,2019-03-01,168,161
21800929,1610612751,1610612766,1610612766,1610612766,2019-03-01,123,112
21800930,1610612761,1610612757,1610612761,1610612757,2019-03-01,117,119
21800931,1610612738,1610612764,1610612738,1610612764,2019-03-01,96,107
21800932,1610612756,1610612740,1610612740,1610612740,2019-03-01,130,116
21800933,1610612758,1610612746,1610612746,1610612746,2019-03-01,116,109
21800934,1610612747,1610612749,1610612749,1610612749,2019-03-01,131,120
21800935,1610612739,1610612765,1610612765,1610612765,2019-03-02,129,93
21800936,1610612754,1610612753,1610612753,1610612753,2019-03-02,117,112
21800937,1610612748,1610612751,1610612748,1610612751,2019-03-02,88,117
21800938,1610612755,1610612744,1610612744,1610612744,2019-03-02,120,117
21800939,1610612742,1610612763,1610612763,1610612763,2019-03-02,111,81
21800940,1610612759,1610612760,1610612759,1610612760,2019-03-02,102,116
21800941,1610612743,1610612740,1610612740,1610612740,2019-03-02,120,112
21800942,1610612756,1610612747,1610612756,1610612747,2019-03-02,109,118
21800943,1610612762,1610612749,1610612762,1610612749,2019-03-02,111,115
21800944,1610612766,1610612757,1610612757,1610612757,2019-03-03,118,108
21800945,1610612738,1610612745,1610612745,1610612745,2019-03-03,115,104
21800946,1610612741,1610612737,1610612737,1610612737,2019-03-03,123,118
21800947,1610612746,1610612752,1610612746,1610612752,2019-03-03,107,128
21800948,1610612739,1610612753,1610612739,1610612753,2019-03-03,93,107
21800949,1610612765,1610612761,1610612765,1610612761,2019-03-03,107,112
21800950,1610612764,1610612750,1610612764,1610612750,2019-03-03,121,135
21800951,1610612760,1610612763,1610612760,1610612763,2019-03-03,95,99
21800952,1610612751,1610612742,1610612751,1610612742,2019-03-04,88,127
21800953,1610612748,1610612737,1610612748,1610612737,2019-03-04,113,114
21800954,1610612759,1610612743,1610612759,1610612743,2019-03-04,103,104
21800955,1610612756,1610612749,1610612756,1610612749,2019-03-04,105,114
21800956,1610612762,1610612740,1610612740,1610612740,2019-03-04,115,112
21800957,1610612758,1610612752,1610612758,1610612752,2019-03-04,108,115
21800958,1610612747,1610612746,1610612746,1610612746,2019-03-04,113,105
21800959,1610612754,1610612741,1610612754,1610612741,2019-03-05,96,105
21800960,1610612755,1610612753,1610612755,1610612753,2019-03-05,106,114
21800961,1610612761,1610612745,1610612745,1610612745,2019-03-05,107,95
21800962,1610612763,1610612757,1610612763,1610612757,2019-03-05,111,120
21800963,1610612750,1610612760,1610612750,1610612760,2019-03-05,120,131
21800964,1610612744,1610612738,1610612738,1610612738,2019-03-05,128,95
21800965,1610612766,1610612748,1610612748,1610612748,2019-03-06,91,84
21800966,1610612765,1610612750,1610612765,1610612750,2019-03-06,114,131
21800967,1610612764,1610612742,1610612764,1610612742,2019-03-06,123,132
21800968,1610612737,1610612759,1610612759,1610612759,2019-03-06,111,104
21800969,1610612751,1610612739,1610612751,1610612739,2019-03-06,107,113
21800970,1610612741,1610612755,1610612741,1610612755,2019-03-06,107,108
21800971,1610612740,1610612762,1610612762,1610612762,2019-03-06,114,104
21800972,1610612756,1610612752,1610612756,1610612752,2019-03-06,96,107
21800973,1610612758,1610612738,1610612738,1610612738,2019-03-06,111,109
21800974,1610612747,1610612743,1610612743,1610612743,2019-03-06,115,99
21800975,1610612749,1610612754,1610612749,1610612754,2019-03-07,98,117
21800976,1610612757,1610612760,1610612760,1610612760,2019-03-07,129,121
21800977,1610612766,1610612764,1610612766,1610612764,2019-03-08,111,112
21800978,1610612753,1610612742,1610612753,1610612742,2019-03-08,106,111
21800979,1610612748,1610612739,1610612748,1610612739,2019-03-08,110,126
21800980,1610612741,1610612765,1610612765,1610612765,2019-03-08,112,104
21800981,1610612745,1610612755,1610612745,1610612755,2019-03-08,91,107
21800982,1610612763,1610612762,1610612763,1610612762,2019-03-08,104,114
21800983,1610612740,1610612761,1610612761,1610612761,2019-03-08,127,104
21800984,1610612744,1610612743,1610612744,1610612743,2019-03-08,105,122
21800985,1610612746,1610612760,1610612746,1610612760,2019-03-08,110,118
21800986,1610612752,1610612758,1610612758,1610612758,2019-03-09,102,94
21800987,1610612737,1610612751,1610612751,1610612751,2019-03-09,114,112
21800988,1610612750,1610612764,1610612750,1610612764,2019-03-09,130,135
21800989,1610612747,1610612738,1610612738,1610612738,2019-03-09,120,107
21800990,1610612749,1610612766,1610612749,1610612766,2019-03-09,114,131
21800991,1610612757,1610612756,1610612757,1610612756,2019-03-09,120,127
21800992,1610612765,1610612741,1610612765,1610612741,2019-03-10,108,131
21800993,1610612748,1610612761,1610612761,1610612761,2019-03-10,125,104
21800994,1610612755,1610612754,1610612755,1610612754,2019-03-10,89,106
21800995,1610612737,1610612740,1610612737,1610612740,2019-03-10,116,128
21800996,1610612763,1610612753,1610612763,1610612753,2019-03-10,97,105
21800997,1610612742,1610612745,1610612745,1610612745,2019-03-10,94,93
21800998,1610612750,1610612752,1610612750,1610612752,2019-03-10,92,103
21800999,1610612759,1610612749,1610612759,1610612749,2019-03-10,114,121
21801000,1610612744,1610612756,1610612756,1610612756,2019-03-10,115,111
21801001,1610612739,1610612761,1610612739,1610612761,2019-03-11,101,126
21801002,1610612764,1610612758,1610612764,1610612758,2019-03-11,115,121
21801003,1610612751,1610612765,1610612751,1610612765,2019-03-11,75,103
21801004,1610612745,1610612766,1610612745,1610612766,2019-03-11,106,118
21801005,1610612762,1610612760,1610612760,1610612760,2019-03-11,98,89
21801006,1610612746,1610612738,1610612746,1610612738,2019-03-11,115,140
21801007,1610612754,1610612752,1610612754,1610612752,2019-03-12,98,103
21801008,1610612755,1610612739,1610612755,1610612739,2019-03-12,99,106
21801009,1610612741,1610612747,1610612747,1610612747,2019-03-12,123,107
21801010,1610612740,1610612749,1610612749,1610612749,2019-03-12,130,113
21801011,1610612742,1610612759,1610612759,1610612759,2019-03-12,112,105
21801012,1610612743,1610612750,1610612743,1610612750,2019-03-12,107,133
21801013,1610612746,1610612757,1610612757,1610612757,2019-03-12,125,104
21801015,1610612764,1610612753,1610612764,1610612753,2019-03-13,90,100
21801017,1610612760,1610612751,1610612760,1610612751,2019-03-13,96,108
21801014,1610612748,1610612765,1610612748,1610612765,2019-03-13,74,108
21801016,1610612737,1610612763,1610612737,1610612763,2019-03-13,111,132
21801018,1610612745,1610612744,1610612744,1610612744,2019-03-13,106,104
21801019,1610612756,1610612762,1610612762,1610612762,2019-03-13,114,97
21801020,1610612754,1610612760,1610612754,1610612760,2019-03-14,106,108
21801021,1610612753,1610612739,1610612753,1610612739,2019-03-14,91,120
21801022,1610612738,1610612758,1610612738,1610612758,2019-03-14,120,126
21801023,1610612761,1610612747,1610612761,1610612747,2019-03-14,98,111
21801024,1610612762,1610612750,1610612762,1610612750,2019-03-14,100,120
21801025,1610612743,1610612742,1610612743,1610612742,2019-03-14,99,100
21801026,1610612765,1610612747,1610612765,1610612747,2019-03-15,97,111
21801027,1610612755,1610612758,1610612755,1610612758,2019-03-15,114,123
21801028,1610612764,1610612766,1610612766,1610612766,2019-03-15,116,110
21801029,1610612748,1610612749,1610612749,1610612749,2019-03-15,113,98
21801030,1610612745,1610612756,1610612745,1610612756,2019-03-15,102,108
21801031,1610612740,1610612757,1610612757,1610612757,2019-03-15,122,110
21801032,1610612759,1610612752,1610612759,1610612752,2019-03-15,83,109
21801033,1610612746,1610612741,1610612746,1610612741,2019-03-15,121,128
21801034,1610612738,1610612737,1610612738,1610612737,2019-03-16,120,129
21801035,1610612764,1610612763,1610612764,1610612763,2019-03-16,128,135
21801036,1610612740,1610612756,1610612756,1610612756,2019-03-16,138,136
21801037,1610612742,1610612739,1610612742,1610612739,2019-03-16,116,121
21801038,1610612760,1610612744,1610612744,1610612744,2019-03-16,110,88
21801039,1610612759,1610612757,1610612759,1610612757,2019-03-16,103,108
21801040,1610612743,1610612754,1610612743,1610612754,2019-03-16,100,102
21801041,1610612762,1610612751,1610612762,1610612751,2019-03-16,98,114
21801042,1610612752,1610612747,1610612752,1610612747,2019-03-17,123,124
21801045,1610612748,1610612766,1610612748,1610612766,2019-03-17,75,93
21801043,1610612749,1610612755,1610612755,1610612755,2019-03-17,130,125
21801044,1610612765,1610612761,1610612765,1610612761,2019-03-17,107,110
21801046,1610612753,1610612737,1610612753,1610612737,2019-03-17,91,101
21801047,1610612758,1610612741,1610612758,1610612741,2019-03-17,102,129
21801048,1610612745,1610612750,1610612745,1610612750,2019-03-17,102,117
21801049,1610612746,1610612751,1610612746,1610612751,2019-03-17,116,119
21801050,1610612739,1610612765,1610612739,1610612765,2019-03-18,119,126
21801051,1610612764,1610612762,1610612762,1610612762,2019-03-18,116,95
21801052,1610612738,1610612743,1610612743,1610612743,2019-03-18,114,105
21801053,1610612761,1610612752,1610612761,1610612752,2019-03-18,92,128
21801054,1610612760,1610612748,1610612748,1610612748,2019-03-18,116,107
21801055,1610612759,1610612744,1610612759,1610612744,2019-03-18,105,111
21801056,1610612742,1610612740,1610612740,1610612740,2019-03-18,129,125
21801057,1610612756,1610612741,1610612741,1610612741,2019-03-18,116,101
21801058,1610612757,1610612754,1610612757,1610612754,2019-03-18,98,106
21801059,1610612766,1610612755,1610612755,1610612755,2019-03-19,118,114
21801060,1610612737,1610612745,1610612745,1610612745,2019-03-19,121,105
21801061,1610612749,1610612747,1610612749,1610612747,2019-03-19,101,115
21801062,1610612750,1610612744,1610612744,1610612744,2019-03-19,117,107
21801063,1610612758,1610612751,1610612751,1610612751,2019-03-19,123,121
21801064,1610612746,1610612754,1610612746,1610612754,2019-03-19,109,115
21801065,1610612739,1610612749,1610612739,1610612749,2019-03-20,102,107
21801066,1610612753,1610612740,1610612753,1610612740,2019-03-20,96,119
21801067,1610612755,1610612738,1610612755,1610612738,2019-03-20,115,118
21801068,1610612752,1610612762,1610612762,1610612762,2019-03-20,137,116
21801069,1610612741,1610612764,1610612741,1610612764,2019-03-20,120,126
21801070,1610612763,1610612745,1610612763,1610612745,2019-03-20,125,126
21801071,1610612759,1610612748,1610612748,1610612748,2019-03-20,110,105
21801072,1610612760,1610612761,1610612761,1610612761,2019-03-20,123,114
21801073,1610612757,1610612742,1610612757,1610612742,2019-03-20,118,126
21801074,1610612766,1610612750,1610612766,1610612750,2019-03-21,106,113
21801075,1610612764,1610612743,1610612743,1610612743,2019-03-21,113,108
21801076,1610612737,1610612762,1610612737,1610612762,2019-03-21,114,117
21801077,1610612756,1610612765,1610612765,1610612765,2019-03-21,118,98
21801078,1610612758,1610612742,1610612758,1610612742,2019-03-21,100,116
21801079,1610612744,1610612754,1610612744,1610612754,2019-03-21,89,112
21801080,1610612753,1610612763,1610612753,1610612763,2019-03-22,119,123
21801081,1610612739,1610612746,1610612746,1610612746,2019-03-22,110,108
21801082,1610612752,1610612743,1610612743,1610612743,2019-03-22,111,93
21801083,1610612761,1610612760,1610612760,1610612760,2019-03-22,116,109
21801084,1610612745,1610612759,1610612745,1610612759,2019-03-22,105,111
21801085,1610612749,1610612748,1610612749,1610612748,2019-03-22,87,116
21801086,1610612747,1610612751,1610612751,1610612751,2019-03-22,111,106
21801087,1610612766,1610612738,1610612766,1610612738,2019-03-23,117,124
21801089,1610612764,1610612748,1610612748,1610612748,2019-03-23,113,108
21801088,1610612737,1610612755,1610612737,1610612755,2019-03-23,127,129
21801090,1610612741,1610612762,1610612762,1610612762,2019-03-23,114,83
21801091,1610612763,1610612750,1610612750,1610612750,2019-03-23,112,99
21801092,1610612744,1610612742,1610612742,1610612742,2019-03-23,126,91
21801093,1610612757,1610612765,1610612757,1610612765,2019-03-23,112,117
21801094,1610612758,1610612756,1610612758,1610612756,2019-03-23,103,112
21801095,1610612752,1610612746,1610612746,1610612746,2019-03-24,124,113
21801096,1610612749,1610612739,1610612749,1610612739,2019-03-24,105,127
21801097,1610612754,1610612743,1610612754,1610612743,2019-03-24,88,124
21801098,1610612761,1610612766,1610612766,1610612766,2019-03-24,115,114
21801099,1610612740,1610612745,1610612745,1610612745,2019-03-24,113,90
21801100,1610612738,1610612759,1610612759,1610612759,2019-03-24,115,96
21801101,1610612744,1610612765,1610612744,1610612765,2019-03-24,114,121
21801102,1610612747,1610612758,1610612747,1610612758,2019-03-24,106,111
21801103,1610612753,1610612755,1610612753,1610612755,2019-03-25,98,119
21801104,1610612763,1610612760,1610612763,1610612760,2019-03-25,103,115
21801105,1610612762,1610612756,1610612762,1610612756,2019-03-25,92,125
21801106,1610612757,1610612751,1610612757,1610612751,2019-03-25,144,148
21801107,1610612766,1610612759,1610612766,1610612759,2019-03-26,116,125
21801108,1610612739,1610612738,1610612738,1610612738,2019-03-26,116,106
21801109,1610612748,1610612753,1610612753,1610612753,2019-03-26,104,99
21801110,1610612761,1610612741,1610612761,1610612741,2019-03-26,103,112
21801111,1610612749,1610612745,1610612749,1610612745,2019-03-26,94,108
21801112,1610612750,1610612746,1610612746,1610612746,2019-03-26,122,111
21801113,1610612740,1610612737,1610612737,1610612737,2019-03-26,130,120
21801114,1610612742,1610612758,1610612758,1610612758,2019-03-26,125,121
21801115,1610612743,1610612765,1610612743,1610612765,2019-03-26,92,95
21801116,1610612747,1610612764,1610612747,1610612764,2019-03-26,106,124
21801117,1610612741,1610612757,1610612757,1610612757,2019-03-27,118,98
21801118,1610612763,1610612744,1610612744,1610612744,2019-03-27,118,103
21801119,1610612760,1610612754,1610612760,1610612754,2019-03-27,99,107
21801120,1610612756,1610612764,1610612764,1610612764,2019-03-27,124,121
21801121,1610612762,1610612747,1610612762,1610612747,2019-03-27,100,115
21801122,1610612765,1610612753,1610612765,1610612753,2019-03-28,98,115
21801123,1610612755,1610612751,1610612755,1610612751,2019-03-28,110,123
21801124,1610612748,1610612742,1610612748,1610612742,2019-03-28,99,105
21801125,1610612752,1610612761,1610612761,1610612761,2019-03-28,117,92
21801126,1610612745,1610612743,1610612745,1610612743,2019-03-28,85,112
21801127,1610612749,1610612746,1610612749,1610612746,2019-03-28,118,128
21801128,1610612740,1610612758,1610612740,1610612758,2019-03-28,118,121
21801129,1610612759,1610612739,1610612759,1610612739,2019-03-28,110,116
21801130,1610612738,1610612754,1610612738,1610612754,2019-03-29,112,114
21801131,1610612737,1610612757,1610612757,1610612757,2019-03-29,118,98
21801132,1610612750,1610612744,1610612750,1610612744,2019-03-29,130,131
21801133,1610612760,1610612743,1610612743,1610612743,2019-03-29,115,105
21801134,1610612762,1610612764,1610612762,1610612764,2019-03-29,124,128
21801135,1610612747,1610612766,1610612747,1610612766,2019-03-29,115,129
21801136,1610612746,1610612739,1610612746,1610612739,2019-03-30,108,132
21801137,1610612751,1610612738,1610612751,1610612738,2019-03-30,96,110
21801138,1610612745,1610612758,1610612745,1610612758,2019-03-30,108,119
21801139,1610612765,1610612757,1610612765,1610612757,2019-03-30,90,99
21801140,1610612754,1610612753,1610612753,1610612753,2019-03-30,121,116
21801141,1610612752,1610612748,1610612748,1610612748,2019-03-30,100,92
21801142,1610612741,1610612761,1610612761,1610612761,2019-03-30,124,101
21801143,1610612750,1610612755,1610612755,1610612755,2019-03-30,118,109
21801144,1610612756,1610612763,1610612763,1610612763,2019-03-30,120,115
21801145,1610612737,1610612749,1610612737,1610612749,2019-03-31,135,136
21801146,1610612760,1610612742,1610612742,1610612742,2019-03-31,106,103
21801147,1610612740,1610612747,1610612747,1610612747,2019-03-31,130,102
21801149,1610612759,1610612758,1610612758,1610612758,2019-03-31,113,106
21801148,1610612743,1610612764,1610612764,1610612764,2019-03-31,95,90
21801150,1610612744,1610612766,1610612744,1610612766,2019-03-31,90,137
21801151,1610612746,1610612763,1610612746,1610612763,2019-03-31,96,113
21801152,1610612754,1610612765,1610612754,1610612765,2019-04-01,102,111
21801153,1610612738,1610612748,1610612738,1610612748,2019-04-01,105,110
21801154,1610612751,1610612749,1610612749,1610612749,2019-04-01,131,121
21801155,1610612752,1610612741,1610612752,1610612741,2019-04-01,105,113
21801156,1610612761,1610612753,1610612761,1610612753,2019-04-01,109,121
21801157,1610612750,1610612757,1610612757,1610612757,2019-04-01,132,122
21801158,1610612742,1610612755,1610612742,1610612755,2019-04-01,102,122
21801159,1610612762,1610612766,1610612762,1610612766,2019-04-01,102,111
21801160,1610612756,1610612739,1610612756,1610612739,2019-04-01,113,122
21801161,1610612760,1610612747,1610612760,1610612747,2019-04-02,103,119
21801162,1610612759,1610612737,1610612759,1610612737,2019-04-02,111,117
21801163,1610612758,1610612745,1610612745,1610612745,2019-04-02,130,105
21801164,1610612744,1610612743,1610612744,1610612743,2019-04-02,102,116
21801165,1610612765,1610612754,1610612754,1610612754,2019-04-03,108,89
21801166,1610612753,1610612752,1610612753,1610612752,2019-04-03,100,114
21801167,1610612764,1610612741,1610612741,1610612741,2019-04-03,115,114
21801168,1610612737,1610612755,1610612737,1610612755,2019-04-03,122,130
21801169,1610612751,1610612761,1610612761,1610612761,2019-04-03,115,105
21801170,1610612748,1610612738,1610612738,1610612738,2019-04-03,112,102
21801171,1610612740,1610612766,1610612766,1610612766,2019-04-03,115,109
21801172,1610612742,1610612750,1610612750,1610612750,2019-04-03,110,108
21801173,1610612743,1610612759,1610612743,1610612759,2019-04-03,85,113
21801174,1610612756,1610612762,1610612762,1610612762,2019-04-03,118,97
21801175,1610612757,1610612763,1610612757,1610612763,2019-04-03,89,116
21801176,1610612746,1610612745,1610612745,1610612745,2019-04-03,135,103
21801177,1610612755,1610612749,1610612749,1610612749,2019-04-04,128,122
21801178,1610612758,1610612739,1610612758,1610612739,2019-04-04,104,117
21801179,1610612747,1610612744,1610612744,1610612744,2019-04-04,108,90
21801180,1610612766,1610612761,1610612766,1610612761,2019-04-05,111,113
21801181,1610612753,1610612737,1610612753,1610612737,2019-04-05,113,149
21801182,1610612764,1610612759,1610612759,1610612759,2019-04-05,129,112
21801183,1610612754,1610612738,1610612738,1610612738,2019-04-05,117,97
21801184,1610612745,1610612752,1610612745,1610612752,2019-04-05,96,120
21801185,1610612750,1610612748,1610612750,1610612748,2019-04-05,109,111
21801186,1610612760,1610612765,1610612760,1610612765,2019-04-05,110,123
21801187,1610612742,1610612763,1610612763,1610612763,2019-04-05,122,112
21801188,1610612762,1610612758,1610612762,1610612758,2019-04-05,98,119
21801189,1610612756,1610612740,1610612756,1610612740,2019-04-05,126,133
21801190,1610612743,1610612757,1610612743,1610612757,2019-04-05,110,119
21801191,1610612744,1610612739,1610612744,1610612739,2019-04-05,114,120
21801192,1610612746,1610612747,1610612747,1610612747,2019-04-05,122,117
21801193,1610612749,1610612751,1610612751,1610612751,2019-04-06,133,128
21801194,1610612741,1610612755,1610612755,1610612755,2019-04-06,116,96
21801195,1610612761,1610612748,1610612761,1610612748,2019-04-07,109,117
21801196,1610612739,1610612759,1610612759,1610612759,2019-04-07,112,90
21801197,1610612750,1610612760,1610612760,1610612760,2019-04-07,132,126
21801198,1610612765,1610612766,1610612766,1610612766,2019-04-07,104,91
21801199,1610612754,1610612751,1610612751,1610612751,2019-04-07,108,96
21801201,1610612763,1610612742,1610612742,1610612742,2019-04-07,129,127
21801200,1610612745,1610612756,1610612745,1610612756,2019-04-07,113,149
21801202,1610612749,1610612737,1610612749,1610612737,2019-04-07,107,115
21801203,1610612738,1610612753,1610612753,1610612753,2019-04-07,116,108
21801204,1610612752,1610612764,1610612752,1610612764,2019-04-07,110,113
21801205,1610612744,1610612746,1610612744,1610612746,2019-04-07,104,131
21801206,1610612757,1610612743,1610612757,1610612743,2019-04-07,108,115
21801207,1610612758,1610612740,1610612740,1610612740,2019-04-07,133,129
21801208,1610612747,1610612762,1610612747,1610612762,2019-04-07,109,113
21801209,1610612739,1610612766,1610612766,1610612766,2019-04-09,124,97
21801210,1610612765,1610612763,1610612765,1610612763,2019-04-09,93,100
21801211,1610612764,1610612738,1610612738,1610612738,2019-04-09,116,110
21801212,1610612748,1610612755,1610612748,1610612755,2019-04-09,99,122
21801213,1610612741,1610612752,1610612752,1610612752,2019-04-09,96,86
21801214,1610612750,1610612761,1610612761,1610612761,2019-04-09,120,100
21801215,1610612740,1610612744,1610612744,1610612744,2019-04-09,112,103
21801216,1610612742,1610612756,1610612742,1610612756,2019-04-09,109,120
21801217,1610612762,1610612743,1610612762,1610612743,2019-04-09,108,118
21801218,1610612760,1610612745,1610612760,1610612745,2019-04-09,111,112
21801219,1610612747,1610612757,1610612757,1610612757,2019-04-09,104,101
21801220,1610612737,1610612754,1610612754,1610612754,2019-04-10,135,134
21801221,1610612751,1610612748,1610612751,1610612748,2019-04-10,94,113
21801222,1610612766,1610612753,1610612753,1610612753,2019-04-10,122,114
21801223,1610612752,1610612765,1610612765,1610612765,2019-04-10,115,89
21801224,1610612755,1610612741,1610612755,1610612741,2019-04-10,109,125
21801225,1610612763,1610612744,1610612763,1610612744,2019-04-10,117,132
21801226,1610612749,1610612760,1610612760,1610612760,2019-04-10,127,116
21801227,1610612759,1610612742,1610612759,1610612742,2019-04-10,94,105
21801228,1610612743,1610612750,1610612743,1610612750,2019-04-10,95,99
21801229,1610612746,1610612762,1610612746,1610612762,2019-04-10,137,143
21801230,1610612757,1610612758,1610612757,1610612758,2019-04-10,131,136
